130886,-1.12,-9.83,0.47,-0.08,-0.09,0.05,20.23,9.904756433
130988,-1.09,-9.18,1.48,-0.08,-0.09,0.03,20.22,9.362205937
131090,-1.3,-9.65,1.17,-0.07,0.05,-0.01,20.24,9.807211632
131192,-1.31,-10.41,0.49,-0.06,0.07,0,20.24,10.5035375
131294,-1.22,-10.16,0.55,-0.08,-0.06,0.05,20.23,10.24775585
131396,-1.08,-9.32,1.27,-0.09,-0.1,0.03,20.22,9.46793008
131498,-1.19,-9.37,1.44,-0.07,0.03,-0.01,20.23,9.554402127
131600,-1.27,-10.19,0.48,-0.06,0.08,0,20.23,10.28004864
131702,-1.21,-10.28,0.43,-0.07,-0.03,0.04,20.22,10.35989382
131802,-1.08,-9.65,0.92,-0.08,-0.11,0.05,20.22,9.753732619
131904,-1.12,-9.21,1.63,-0.08,-0.05,0.01,20.22,9.419946921
132006,-1.25,-9.92,1.14,-0.07,0.07,-0.02,20.23,10.06322513
132108,-1.3,-10.52,0.23,-0.07,0.04,0.01,20.22,10.60251385
132210,-1.14,-9.91,0.49,-0.08,-0.08,0.05,20.22,9.987382039
132312,-1.08,-9.15,1.37,-0.08,-0.09,0.03,20.21,9.314816155
132414,-1.29,-9.52,1.25,-0.07,0.04,-0.01,20.22,9.687982246
132516,-1.3,-10.41,0.5,-0.06,0.07,0,20.22,10.5027663
132618,-1.26,-10.28,0.52,-0.07,-0.04,0.04,20.22,10.36997589
132720,-1.11,-9.39,1.13,-0.09,-0.11,0.04,20.22,9.522662443
132822,-1.1,-9.3,1.4,-0.08,-0.01,0,20.23,9.468896451
132924,-1.29,-10.07,0.79,-0.06,0.08,-0.02,20.22,10.1829809
133026,-1.24,-10.39,0.12,-0.06,0.02,0.03,20.21,10.46442067
133126,-1.09,-9.88,0.4,-0.07,-0.08,0.06,20.22,9.947989747
133228,-1.04,-9.23,1.25,-0.08,-0.1,0.04,20.22,9.372139564
133330,-1.29,-9.5,1.32,-0.07,0.04,-0.01,20.22,9.677628842
133432,-1.26,-10.32,0.64,-0.06,0.08,0,20.22,10.41631413
133534,-1.23,-10.28,0.42,-0.07,-0.04,0.04,20.21,10.36183864
133636,-1.08,-9.5,1.15,-0.09,-0.12,0.05,20.22,9.630103842
133738,-1.13,-9.23,1.45,-0.08,-0.01,0,20.21,9.411285778
133840,-1.28,-9.95,0.8,-0.06,0.09,-0.01,20.22,10.06384121
133942,-1.22,-10.43,0.13,-0.06,0.02,0.03,20.22,10.50191411
134044,-1.1,-9.69,0.88,-0.08,-0.11,0.05,20.21,9.791858863
134146,-1.13,-9.17,1.6,-0.08,-0.07,0.02,20.22,9.376875812
134248,-1.32,-9.73,1.23,-0.07,0.06,-0.02,20.2,9.895867825
134350,-1.32,-10.47,0.51,-0.07,0.06,0,20.21,10.56519758
134452,-1.19,-10.12,0.56,-0.07,-0.07,0.05,20.2,10.20510167
134552,-1.05,-9.46,1.05,-0.08,-0.11,0.05,20.21,9.575834167
134654,-1.13,-9.16,1.47,-0.08,-0.03,0.01,20.22,9.345769096
134756,-1.29,-9.96,0.98,-0.06,0.08,-0.01,20.22,10.09089193
134858,-1.25,-10.54,0.21,-0.06,0.03,0.02,20.2,10.61594084
134960,-1.11,-9.9,0.45,-0.08,-0.09,0.05,20.21,9.972191334
135062,-1.1,-9.22,1.62,-0.09,-0.08,0.02,20.22,9.425645866
135164,-1.32,-9.6,1.31,-0.07,0.04,-0.02,20.22,9.778471251
135266,-1.31,-10.42,0.65,-0.06,0.08,0,20.21,10.52211956
135368,-1.21,-10.27,0.35,-0.07,-0.03,0.05,20.21,10.34695607
135470,-1.05,-9.39,1.16,-0.08,-0.12,0.05,20.22,9.519464271
135572,-1.12,-9.23,1.47,-0.08,-0.03,0.01,20.22,9.41319287
135674,-1.26,-9.95,1.01,-0.06,0.08,-0.02,20.21,10.08018849
135776,-1.25,-10.49,0.24,-0.07,0.03,0.02,20.21,10.56693901
135878,-1.14,-9.9,0.63,-0.09,-0.09,0.05,20.22,9.985314216
135978,-1.09,-9.38,1.13,-0.09,-0.11,0.04,20.21,9.510488946
136080,-1.12,-9.25,1.49,-0.08,0,0,20.21,9.435941924
136182,-1.29,-10,0.69,-0.06,0.08,-0.01,20.21,10.10644349
136284,-1.24,-10.45,0.17,-0.06,0.02,0.03,20.21,10.52468527
136386,-1.12,-9.72,0.82,-0.08,-0.11,0.06,20.22,9.818614974
136488,-1.09,-9.17,1.57,-0.09,-0.07,0.02,20.21,9.367064642
136590,-1.3,-9.65,1.24,-0.08,0.05,-0.02,20.21,9.815808678
136692,-1.33,-10.45,0.56,-0.06,0.08,0,20.21,10.54917058
136794,-1.23,-10.14,0.6,-0.07,-0.06,0.05,20.21,10.2319353
136896,-1.07,-9.32,1.11,-0.08,-0.12,0.05,20.2,9.446660786
136998,-1.11,-9.26,1.38,-0.07,-0.02,0,20.21,9.427836443
137100,-1.28,-10.03,0.79,-0.06,0.09,-0.01,20.2,10.14215953
137202,-1.22,-10.44,0.21,-0.07,0.01,0.03,20.21,10.5131394
137304,-1.12,-9.76,0.8,-0.08,-0.1,0.05,20.21,9.856571412
137406,-1.13,-9.19,1.63,-0.08,-0.08,0.02,20.21,9.401590291
137506,-1.23,-9.39,1.42,-0.07,0.03,-0.01,20.2,9.576084795
137608,-1.26,-10.24,0.62,-0.06,0.08,0,20.2,10.33584056
137710,-1.22,-10.29,0.38,-0.07,-0.03,0.04,20.2,10.36903564
137812,-1.05,-9.46,1.16,-0.08,-0.12,0.05,20.21,9.588519177
137914,-1.12,-9.24,1.5,-0.08,-0.02,0,20.22,9.42772507
138016,-1.28,-10.01,0.97,-0.07,0.08,-0.02,20.21,10.13801756
138118,-1.23,-10.48,0.19,-0.07,0.02,0.03,20.2,10.55364392
138220,-1.09,-9.7,0.74,-0.08,-0.11,0.06,20.22,9.78906022
138322,-1.14,-9.16,1.66,-0.08,-0.07,0.02,20.2,9.37874192
138424,-1.31,-9.7,1.22,-0.07,0.06,-0.01,20.2,9.863797443
138526,-1.3,-10.44,0.38,-0.06,0.05,0.01,20.22,10.52748783
138628,-1.16,-10.02,0.57,-0.08,-0.08,0.05,20.2,10.1030144
138730,-1.09,-9.3,1.29,-0.09,-0.1,0.03,20.21,9.452100296
138832,-1.19,-9.37,1.4,-0.07,0.03,-0.01,20.21,9.548455372
138932,-1.31,-10.02,0.67,-0.06,0.09,-0.01,20.2,10.12745773
139034,-1.19,-10.35,0.07,-0.06,0,0.04,20.22,10.41842119
139136,-1.08,-9.59,1.08,-0.08,-0.11,0.05,20.21,9.710865049
139238,-1.15,-9.22,1.58,-0.08,-0.04,0.01,20.21,9.424823606
139340,-1.29,-9.92,1.1,-0.07,0.08,-0.02,20.22,10.06382134
139442,-1.26,-10.52,0.23,-0.07,0.04,0.02,20.2,10.59768371
139544,-1.11,-9.73,0.76,-0.08,-0.11,0.05,20.21,9.822555676
139646,-1.14,-9.15,1.68,-0.08,-0.08,0.02,20.21,9.372539677
139748,-1.32,-9.79,1.26,-0.06,0.07,-0.01,20.21,9.958619382
139850,-1.29,-10.45,0.45,-0.06,0.05,0.01,20.21,10.53893258
139952,-1.1,-9.89,0.39,-0.08,-0.1,0.05,20.21,9.958624403
140054,-1.1,-9.26,1.48,-0.08,-0.09,0.03,20.22,9.441821858
140156,-1.35,-9.65,1.33,-0.07,0.05,-0.01,20.21,9.834322549
140258,-1.29,-10.36,0.43,-0.06,0.06,0.01,20.21,10.4488564
140360,-1.14,-9.96,0.47,-0.07,-0.08,0.05,20.19,10.03604006
140462,-1.08,-9.28,1.3,-0.08,-0.1,0.04,20.2,9.43264544
140562,-1.16,-9.35,1.4,-0.07,0.01,0,20.2,9.52512992
140664,-1.28,-10.21,0.62,-0.06,0.09,-0.01,20.21,10.3085838
140766,-1.22,-10.28,0.42,-0.07,-0.03,0.04,20.19,10.36065635
140868,-1.09,-9.43,1.13,-0.09,-0.12,0.04,20.19,9.559806483
140970,-1.15,-9.27,1.39,-0.07,0.01,0,20.19,9.443913384
141072,-1.29,-10.07,0.57,-0.06,0.09,-0.01,20.19,10.16827911
141174,-1.19,-10.25,0.34,-0.07,-0.02,0.04,20.19,10.32444672
141276,-1.08,-9.49,1.16,-0.08,-0.13,0.04,20.2,9.621439601
141378,-1.14,-9.34,1.36,-0.08,-0.01,0,20.19,9.50709209
141480,-1.33,-10.17,0.61,-0.07,0.09,-0.01,20.19,10.27472141
141582,-1.21,-10.37,0.32,-0.08,-0.02,0.03,20.21,10.4452573
141684,-1.09,-9.5,1.16,-0.08,-0.12,0.05,20.2,9.6324296
141786,-1.12,-9.27,1.31,-0.08,-0.01,0,20.2,9.428859952
141888,-1.31,-10.08,0.56,-0.06,0.09,-0.01,20.19,10.18018173
141988,-1.21,-10.44,0.26,-0.06,0.01,0.03,20.19,10.51310135
142090,-1.1,-9.73,0.93,-0.08,-0.12,0.05,20.19,9.836045954
142192,-1.16,-9.27,1.47,-0.08,-0.04,0.01,20.2,9.457240612
142294,-1.29,-9.98,0.93,-0.07,0.09,-0.02,20.19,10.10590916
142396,-1.24,-10.51,0.23,-0.07,0.02,0.02,20.2,10.5853956
142498,-1.1,-9.73,0.84,-0.08,-0.11,0.05,20.19,9.827944851
142600,-1.15,-9.17,1.53,-0.08,-0.05,0.01,20.19,9.367619762
142702,-1.27,-9.9,0.96,-0.06,0.08,-0.01,20.19,10.02718804
142804,-1.21,-10.5,0.2,-0.06,0.03,0.03,20.18,10.57138118
142906,-1.11,-9.76,0.7,-0.08,-0.11,0.05,20.19,9.847827172
143008,-1.2,-9.23,1.68,-0.08,-0.06,0.01,20.19,9.458081201
143110,-1.28,-9.96,1.14,-0.07,0.08,-0.02,20.19,10.10641381
143212,-1.26,-10.53,0.26,-0.06,0.04,0.02,20.19,10.60830335
143314,-1.09,-9.81,0.5,-0.08,-0.1,0.05,20.19,9.883025852
143414,-1.09,-9.23,1.3,-0.08,-0.1,0.03,20.19,9.384615069
143516,-1.29,-9.46,1.4,-0.07,0.03,0,20.19,9.649647662
143618,-1.29,-10.39,0.51,-0.06,0.07,0.01,20.19,10.48218966
143720,-1.17,-10.15,0.52,-0.07,-0.07,0.05,20.18,10.23043499
143822,-1.12,-9.36,1.12,-0.09,-0.11,0.03,20.19,9.493071157
143924,-1.26,-9.52,1.49,-0.07,0.03,-0.01,20.19,9.717926734
144026,-1.29,-10.39,0.64,-0.07,0.08,0,20.19,10.48931838
144128,-1.21,-10.28,0.53,-0.07,-0.05,0.05,20.19,10.36452604
144230,-1.06,-9.38,1.03,-0.08,-0.12,0.05,20.19,9.49573062
144332,-1.16,-9.32,1.47,-0.07,0.01,0,20.19,9.506255835
144434,-1.27,-10.2,0.64,-0.06,0.09,0,20.19,10.29866496
144536,-1.2,-10.32,0.31,-0.07,-0.03,0.04,20.19,10.39415701
144638,-1.07,-9.54,1.13,-0.08,-0.11,0.05,20.18,9.666095385
144738,-1.17,-9.23,1.52,-0.08,-0.05,0.01,20.19,9.427205312
144840,-1.3,-9.93,1.19,-0.07,0.08,-0.02,20.19,10.08518716
144942,-1.24,-10.55,0.34,-0.06,0.03,0.02,20.19,10.62806191
145044,-1.1,-9.81,0.59,-0.08,-0.11,0.05,20.18,9.889095004
145146,-1.14,-9.18,1.53,-0.08,-0.07,0.02,20.19,9.376187925
145248,-1.3,-9.72,1.21,-0.06,0.07,-0.01,20.17,9.880915949
145350,-1.25,-10.47,0.39,-0.06,0.04,0.02,20.17,10.55156387
145452,-1.1,-9.9,0.49,-0.08,-0.1,0.05,20.17,9.972968465
145554,-1.12,-9.23,1.47,-0.08,-0.09,0.02,20.17,9.41319287
145656,-1.34,-9.81,1.24,-0.07,0.08,-0.02,20.18,9.978441762
145758,-1.3,-10.51,0.5,-0.07,0.05,0.01,20.18,10.60189134
145860,-1.14,-9.98,0.59,-0.08,-0.09,0.05,20.17,10.06221149
145962,-1.1,-9.21,1.4,-0.08,-0.1,0.03,20.16,9.380517043
146064,-1.33,-9.67,1.2,-0.06,0.07,-0.01,20.16,9.834520832
146166,-1.26,-10.4,0.39,-0.06,0.05,0.02,20.16,10.48330578
146266,-1.17,-10.15,0.59,-0.07,-0.07,0.05,20.16,10.23423177
146368,-1.1,-9.35,1.2,-0.09,-0.11,0.03,20.17,9.490653297
146470,-1.28,-9.5,1.49,-0.07,0.03,-0.01,20.16,9.700953561
146572,-1.25,-10.39,0.57,-0.07,0.08,0,20.16,10.48043415
146674,-1.17,-10.15,0.55,-0.08,-0.07,0.05,20.16,10.23200371
146776,-1.08,-9.28,1.25,-0.08,-0.1,0.03,20.17,9.425884574
146878,-1.32,-9.49,1.45,-0.07,0.04,0,20.15,9.690459225
146980,-1.23,-10.34,0.52,-0.06,0.07,0.01,20.16,10.42587646
147082,-1.14,-10.08,0.53,-0.07,-0.08,0.05,20.17,10.15809529
147184,-1.12,-9.3,1.33,-0.09,-0.09,0.03,20.16,9.461146865
147286,-1.35,-9.67,1.37,-0.07,0.05,-0.01,20.16,9.859426961
147388,-1.3,-10.48,0.45,-0.07,0.06,0.01,20.16,10.56990539
147488,-1.22,-10.24,0.68,-0.07,-0.06,0.04,20.15,10.33481495
147590,-1.08,-9.29,1.07,-0.09,-0.11,0.03,20.16,9.413575304
147692,-1.28,-9.48,1.37,-0.07,0.04,-0.01,20.16,9.663627683
147794,-1.24,-10.32,0.59,-0.06,0.08,0.01,20.15,10.41096057
147896,-1.15,-10.12,0.61,-0.07,-0.08,0.05,20.16,10.20338179
147998,-1.11,-9.25,1.34,-0.09,-0.09,0.02,20.15,9.412236716
148100,-1.36,-9.74,1.22,-0.07,0.06,-0.01,20.15,9.909873864
148202,-1.3,-10.44,0.43,-0.07,0.06,0.01,20.16,10.52941119
148304,-1.14,-9.99,0.59,-0.09,-0.1,0.05,20.15,10.07212986
148406,-1.19,-9.22,1.68,-0.08,-0.07,0.02,20.15,9.447057743
148508,-1.28,-9.79,1.19,-0.06,0.09,-0.01,20.15,9.944777524
148610,-1.17,-10.41,0.17,-0.06,0.03,0.02,20.14,10.47692226
148712,-1.08,-9.7,0.94,-0.08,-0.12,0.05,20.15,9.805100713
148814,-1.2,-9.3,1.69,-0.08,-0.05,0.01,20.14,9.528174012
148916,-1.28,-9.97,0.91,-0.06,0.1,-0.02,20.14,10.09293813
149016,-1.23,-10.45,0.17,-0.07,0.04,0.01,20.15,10.52351177
149118,-1.13,-9.84,0.62,-0.09,-0.1,0.04,20.15,9.92405663
149220,-1.23,-9.29,1.75,-0.08,-0.08,0.02,20.14,9.533074006
149322,-1.29,-9.9,1.11,-0.06,0.09,-0.01,20.15,10.04520781
149424,-1.17,-10.32,0.13,-0.06,0.02,0.03,20.14,10.38692447
149526,-1.04,-9.61,0.65,-0.08,-0.12,0.05,20.15,9.687940958
149628,-1.18,-9.2,1.7,-0.08,-0.06,0.02,20.13,9.429867443
149730,-1.3,-9.91,0.92,-0.06,0.08,-0.01,20.15,10.03715597
149832,-1.19,-10.39,0.21,-0.07,0.01,0.03,20.13,10.46003346
149934,-1.08,-9.66,0.95,-0.08,-0.12,0.04,20.14,9.766498861
150036,-1.2,-9.26,1.56,-0.08,-0.04,0.01,20.14,9.466847416
150138,-1.33,-10.06,0.8,-0.06,0.09,-0.01,20.14,10.17902255
150240,-1.22,-10.43,0.25,-0.07,0,0.03,20.14,10.50408492
150342,-1.08,-9.55,1.08,-0.08,-0.12,0.05,20.13,9.67136495
150442,-1.15,-9.15,1.69,-0.08,-0.07,0.02,20.14,9.37555865
150544,-1.27,-9.75,1.16,-0.06,0.09,-0.01,20.13,9.90055554
150646,-1.22,-10.38,0.23,-0.06,0.04,0.02,20.14,10.4539801
150748,-1.08,-9.79,0.67,-0.09,-0.11,0.05,20.14,9.872152754
150850,-1.22,-9.24,1.79,-0.08,-0.07,0.01,20.14,9.490526856
150952,-1.31,-9.89,1.22,-0.07,0.09,-0.02,20.13,10.05070147
151054,-1.18,-10.52,0.17,-0.07,0.03,0.02,20.12,10.58733678
151156,-1.15,-9.82,0.82,-0.09,-0.11,0.05,20.13,9.921053371
151258,-1.22,-9.31,1.87,-0.08,-0.07,0.02,20.13,9.573996031
151360,-1.33,-9.9,1.2,-0.06,0.08,-0.01,20.13,10.06076041
151462,-1.19,-10.39,0.11,-0.06,0.03,0.03,20.13,10.45850372
151564,-1.06,-9.6,0.68,-0.08,-0.12,0.05,20.14,9.682251804
151666,-1.17,-9.11,1.76,-0.07,-0.06,0.02,20.13,9.351930282
151766,-1.34,-9.62,1.27,-0.06,0.06,-0.01,20.12,9.795555114
151868,-1.25,-10.38,0.5,-0.06,0.05,0.01,20.14,10.4669432
151970,-1.14,-9.98,0.53,-0.08,-0.09,0.05,20.13,10.05887171
152072,-1.12,-9.26,1.48,-0.09,-0.09,0.02,20.13,9.444172807
152174,-1.36,-9.7,1.28,-0.07,0.06,-0.02,20.12,9.878157723
152276,-1.3,-10.46,0.58,-0.06,0.06,0,20.13,10.55641985
152378,-1.14,-10.07,0.54,-0.08,-0.08,0.05,20.12,10.14869942
152480,-1.11,-9.32,1.29,-0.08,-0.09,0.03,20.12,9.474101541
152582,-1.28,-9.53,1.32,-0.07,0.04,-0.01,20.12,9.705756024
152684,-1.25,-10.29,0.62,-0.06,0.07,0,20.12,10.38417065
152786,-1.19,-10.03,0.48,-0.07,-0.06,0.05,20.14,10.11174565
152888,-1.05,-9.24,1.01,-0.08,-0.12,0.05,20.12,9.354154157
152990,-1.11,-9.24,1.36,-0.07,0,0,20.12,9.405280432
153090,-1.26,-9.92,0.93,-0.06,0.08,-0.01,20.11,10.04285318
153192,-1.23,-10.48,0.31,-0.07,0.03,0.02,20.11,10.55648616
153294,-1.13,-9.84,0.63,-0.08,-0.09,0.05,20.12,9.924686393
153396,-1.14,-9.19,1.57,-0.09,-0.08,0.02,20.12,9.39258218
153498,-1.31,-9.71,1.19,-0.07,0.06,-0.02,20.12,9.869969605
153600,-1.32,-10.51,0.57,-0.06,0.08,0,20.12,10.60789329
153702,-1.24,-10.3,0.61,-0.07,-0.05,0.05,20.11,10.39229041
153804,-1.09,-9.33,1.17,-0.08,-0.11,0.04,20.12,9.466039298
153906,-1.12,-9.26,1.33,-0.07,0,0,20.11,9.421831032
154008,-1.28,-10.04,0.53,-0.06,0.08,-0.01,20.13,10.13513197
154110,-1.2,-10.34,0.29,-0.07,-0.01,0.04,20.12,10.41343843
154212,-1.09,-9.62,1.05,-0.08,-0.11,0.05,20.12,9.738326345
154314,-1.15,-9.18,1.48,-0.08,-0.06,0.01,20.11,9.369380983
154416,-1.28,-9.81,1.2,-0.07,0.07,-0.02,20.1,9.965666059
154516,-1.3,-10.39,0.54,-0.06,0.08,-0.01,20.1,10.48492728
154618,-1.22,-10.28,0.49,-0.08,-0.05,0.04,20.1,10.36373002
154720,-1.07,-9.42,1.17,-0.09,-0.11,0.04,20.1,9.552497056
154822,-1.17,-9.33,1.37,-0.08,0,0,20.1,9.50235234
154924,-1.25,-10.04,0.64,-0.06,0.08,-0.01,20.11,10.13773643
155026,-1.18,-10.3,0.08,-0.06,0.01,0.03,20.11,10.36768055
155128,-1.05,-9.5,1.01,-0.08,-0.11,0.06,20.1,9.611066538
155230,-1.14,-9.11,1.57,-0.08,-0.06,0.02,20.11,9.314322305
155332,-1.28,-9.79,1.18,-0.06,0.08,-0.02,20.11,9.943585872
155434,-1.23,-10.46,0.24,-0.06,0.04,0.02,20.11,10.53480422
155536,-1.12,-9.86,0.5,-0.08,-0.1,0.05,20.1,9.935995169
155638,-1.12,-9.22,1.64,-0.09,-0.08,0.02,20.1,9.431458
155738,-1.25,-9.53,1.53,-0.08,0.03,-0.01,20.11,9.732640957
155840,-1.25,-10.39,0.65,-0.07,0.09,0,20.1,10.48508941
155942,-1.25,-10.3,0.63,-0.07,-0.05,0.04,20.1,10.39468133
156044,-1.09,-9.39,1.04,-0.08,-0.12,0.04,20.11,9.510089379
156146,-1.15,-9.39,1.44,-0.07,0.02,0,20.1,9.569127442
156248,-1.22,-10.15,0.59,-0.06,0.09,0,20.11,10.24006836
156350,-1.16,-10.06,0.53,-0.07,-0.06,0.05,20.1,10.14051774
156452,-1.07,-9.28,1.02,-0.08,-0.12,0.04,20.1,9.397004842
156554,-1.25,-9.39,1.44,-0.07,0.03,-0.01,20.09,9.581659564
156656,-1.22,-10.31,0.66,-0.06,0.08,0,20.1,10.40288902
156758,-1.14,-10.07,0.56,-0.08,-0.08,0.04,20.1,10.14978325
156860,-1.09,-9.33,1.18,-0.09,-0.09,0.02,20.09,9.467280497
156962,-1.38,-9.81,1.35,-0.07,0.06,-0.01,20.09,9.998149829
157062,-1.3,-10.41,0.64,-0.07,0.09,0,20.1,10.51036155
157164,-1.17,-10.18,0.7,-0.08,-0.09,0.05,20.1,10.27089577
157266,-1.14,-9.41,1.42,-0.08,-0.1,0.02,20.1,9.584576151
157368,-1.38,-9.87,1.26,-0.06,0.09,-0.01,20.1,10.0453422
157470,-1.18,-10.42,0.1,-0.06,0.03,0.03,20.11,10.48707776
157572,-1.05,-9.6,0.68,-0.08,-0.12,0.05,20.1,9.68116212
157674,-1.23,-9.15,1.87,-0.08,-0.05,0.02,20.1,9.419782375
157776,-1.23,-9.88,0.46,-0.06,0.1,0,20.1,9.966890187
157878,-1.07,-10.05,0.1,-0.07,-0.03,0.04,20.1,10.1072944
157980,-1.09,-9.44,1.27,-0.09,-0.13,0.04,20.09,9.58721023
158082,-1.27,-9.48,1.38,-0.07,0.04,-0.01,20.1,9.663731163
158184,-1.25,-10.34,0.63,-0.06,0.08,0,20.1,10.43431838
158284,-1.16,-10.18,0.66,-0.08,-0.06,0.04,20.1,10.26711254
158386,-1.14,-9.4,1.12,-0.09,-0.11,0.03,20.11,9.534883324
158488,-1.33,-9.68,1.37,-0.07,0.05,-0.01,20.1,9.866519143
158590,-1.27,-10.42,0.6,-0.07,0.08,0,20.09,10.51424272
158692,-1.13,-9.96,0.51,-0.08,-0.1,0.05,20.12,10.03686206
158794,-1.25,-9.38,1.7,-0.08,-0.07,0.02,20.1,9.614411058
158896,-1.31,-9.97,1.14,-0.06,0.1,-0.01,20.1,10.1201087
158998,-1.15,-10.38,0.13,-0.06,0.01,0.03,20.1,10.44431903
159100,-1.04,-9.43,1.31,-0.08,-0.13,0.05,20.1,9.577191655
159202,-1.22,-9.25,1.39,-0.07,0,0.01,20.1,9.433080091
159304,-1.19,-10.08,0.32,-0.06,0.09,0.01,20.1,10.15504308
159406,-1.1,-10.03,0.72,-0.07,-0.09,0.05,20.09,10.11579458
159508,-1.14,-9.32,1.41,-0.09,-0.1,0.02,20.1,9.494740649
159608,-1.39,-9.59,1.4,-0.07,0.06,-0.01,20.09,9.790822233
159710,-1.2,-10.31,0.55,-0.06,0.07,0.01,20.09,10.39416182
159812,-1.07,-9.86,0.37,-0.09,-0.12,0.04,20.1,9.924787151
159914,-1.26,-9.34,1.75,-0.08,-0.05,0.01,20.09,9.585702895
160016,-1.31,-10.05,0.65,-0.05,0.11,0,20.08,10.15584068
160118,-1.12,-10.23,0.18,-0.08,-0.04,0.04,20.09,10.2927013
160220,-1.13,-9.38,1.31,-0.08,-0.13,0.04,20.09,9.538207379
160322,-1.33,-9.46,1.24,-0.06,0.05,0,20.09,9.633177046
160424,-1.13,-10.21,0.3,-0.06,0.06,0.02,20.1,10.27672127
160526,-1.06,-9.75,0.62,-0.09,-0.13,0.04,20.1,9.827029053
160628,-1.31,-9.35,1.87,-0.08,-0.04,0.01,20.09,9.624733763
160730,-1.23,-10.07,0.4,-0.06,0.11,-0.01,20.09,10.15272377
160832,-1.1,-10.02,0.68,-0.08,-0.07,0.03,20.09,10.10310843
160934,-1.16,-9.41,1.28,-0.1,-0.1,0.02,20.09,9.567240982
161036,-1.42,-9.95,1.48,-0.06,0.09,-0.01,20.09,10.1591978
161136,-1.19,-10.33,0.46,-0.07,0.05,0.02,20.1,10.40848692
161238,-1.06,-9.78,0.66,-0.09,-0.13,0.05,20.09,9.859391462
161340,-1.3,-9.38,1.75,-0.07,-0.02,0.01,20.09,9.63
161442,-1.19,-10.1,0.4,-0.05,0.1,0.01,20.08,10.17772568
161544,-1.04,-9.94,0.65,-0.08,-0.1,0.05,20.1,10.01537318
161646,-1.2,-9.27,1.48,-0.09,-0.08,0.02,20.08,9.463788882
161748,-1.31,-9.98,0.74,-0.06,0.11,-0.01,20.1,10.09277464
161850,-1.07,-10.18,0.14,-0.08,-0.04,0.03,20.09,10.2370357
161952,-1.15,-9.45,1.37,-0.08,-0.13,0.03,20.09,9.617790807
162054,-1.39,-9.7,1.31,-0.07,0.07,-0.01,20.09,9.886263197
162156,-1.15,-10.42,0.09,-0.06,0.03,0.02,20.1,10.48365394
162258,-1.09,-9.69,1.03,-0.09,-0.13,0.04,20.09,9.805360779
162360,-1.28,-9.44,1.62,-0.07,0,0.01,20.08,9.663146485
162460,-1.25,-10.02,0.31,-0.05,0.11,0,20.09,10.10242545
162562,-1.09,-9.91,0.51,-0.08,-0.07,0.04,20.09,9.982800208
162664,-1.09,-9.25,1.19,-0.08,-0.11,0.03,20.09,9.389712456
162766,-1.35,-9.74,1.33,-0.05,0.09,0,20.1,9.922650855
162868,-1.1,-10.26,-0.01,-0.06,0.01,0.03,20.09,10.31880323
162970,-1.1,-9.53,1.38,-0.09,-0.14,0.04,20.09,9.692022493
163072,-1.26,-9.49,1.23,-0.08,0.04,-0.01,20.08,9.651973891
163174,-1.22,-10.39,0.51,-0.06,0.08,0,20.09,10.47380542
163276,-1.12,-9.98,0.47,-0.08,-0.12,0.04,20.08,10.05364113
163378,-1.3,-9.36,1.94,-0.08,-0.06,0.01,20.09,9.646926972
163480,-1.28,-10.13,0.46,-0.06,0.11,0,20.09,10.22090505
163582,-1.14,-10.22,0.47,-0.08,-0.05,0.04,20.08,10.29411968
163684,-1.16,-9.44,1.12,-0.09,-0.12,0.03,20.09,9.576721777
163786,-1.39,-9.74,1.46,-0.06,0.08,0,20.09,9.946421467
163886,-1.18,-10.23,0.38,-0.06,0.07,0.02,20.09,10.30483867
163988,-1.02,-9.71,0.5,-0.08,-0.12,0.05,20.09,9.776221151
164090,-1.26,-9.22,1.85,-0.06,-0.03,0.01,20.09,9.487807966
164192,-1.24,-9.88,0.43,-0.05,0.11,0,20.09,9.966789854
164294,-1.07,-10.09,0.3,-0.08,-0.05,0.04,20.09,10.1510098
164396,-1.16,-9.41,1.26,-0.09,-0.11,0.03,20.07,9.56458572
164498,-1.39,-9.77,1.33,-0.06,0.08,-0.01,20.08,9.957605134
164600,-1.24,-10.33,0.4,-0.06,0.07,0.01,20.09,10.41184422
164702,-1.07,-9.91,0.34,-0.09,-0.12,0.04,20.09,9.973394608
164804,-1.28,-9.39,1.95,-0.08,-0.04,0.01,20.09,9.675381129
164906,-1.35,-10.02,0.95,-0.06,0.1,-0.01,20.08,10.1550677
165008,-1.11,-10.28,0,-0.07,-0.01,0.04,20.08,10.33975338
165110,-1.06,-9.46,1.29,-0.08,-0.13,0.05,20.08,9.606211532
165210,-1.24,-9.24,1.71,-0.07,-0.03,0.01,20.07,9.478359563
165312,-1.26,-9.93,0.42,-0.06,0.1,0,20.08,10.01842802
165414,-1.14,-10.14,0.39,-0.07,-0.04,0.04,20.07,10.21133194
165516,-1.16,-9.41,1.33,-0.09,-0.13,0.03,20.08,9.5740587
165618,-1.25,-9.45,1.28,-0.07,0.03,-0.01,20.08,9.617868787
165720,-1.22,-10.32,0.45,-0.06,0.09,0,20.08,10.40160084
165822,-1.13,-10.02,0.59,-0.08,-0.1,0.04,20.07,10.10076235
165924,-1.2,-9.33,1.51,-0.09,-0.08,0.02,20.07,9.527276631
166026,-1.35,-9.9,1.37,-0.06,0.08,-0.01,20.09,10.08510783
166128,-1.13,-10.37,0.03,-0.07,0.02,0.03,20.08,10.43142847
166230,-1.07,-9.54,1.05,-0.08,-0.13,0.05,20.07,9.657069949
166332,-1.25,-9.25,1.71,-0.07,-0.02,0.01,20.07,9.489420425
166434,-1.23,-10.04,0.36,-0.05,0.11,0,20.08,10.12146728
166534,-1.15,-10.15,0.17,-0.07,-0.02,0.03,20.08,10.21635454
166636,-1.08,-9.52,1.29,-0.08,-0.14,0.04,20.08,9.667517779
166738,-1.17,-9.38,1.27,-0.07,0.02,-0.01,20.08,9.537620248
166840,-1.24,-10.27,0.56,-0.07,0.1,0,20.08,10.35973455
166942,-1.14,-10.11,0.67,-0.07,-0.07,0.04,20.08,10.1961071
167044,-1.15,-9.39,1.22,-0.09,-0.11,0.03,20.08,9.53850093
167146,-1.39,-9.78,1.29,-0.07,0.07,-0.01,20.09,9.962158401
167248,-1.26,-10.41,0.42,-0.06,0.06,0.02,20.1,10.49438421
167350,-1.07,-9.86,0.47,-0.09,-0.11,0.05,20.07,9.929018078
167452,-1.25,-9.26,1.79,-0.08,-0.05,0.02,20.08,9.513895101
167554,-1.28,-9.84,0.8,-0.05,0.1,0,20.08,9.955099196
167656,-1.09,-10.18,0.04,-0.07,0,0.03,20.08,10.23826645
167758,-1.06,-9.41,1.29,-0.08,-0.13,0.05,20.08,9.556976509
167860,-1.2,-9.27,1.34,-0.07,0,0,20.09,9.442907391
167960,-1.28,-9.86,0.85,-0.05,0.1,-0.01,20.09,9.979002956
168062,-1.13,-10.24,0.06,-0.07,-0.02,0.03,20.07,10.30233469
168164,-1.12,-9.54,1.32,-0.09,-0.12,0.04,20.07,9.695792902
168266,-1.18,-9.47,1.35,-0.08,0.02,-0.01,20.09,9.638246729
168368,-1.26,-10.32,0.57,-0.07,0.1,-0.01,20.08,10.4122476
168470,-1.17,-10.19,0.69,-0.07,-0.08,0.04,20.09,10.28013132
168572,-1.14,-9.4,1.2,-0.09,-0.1,0.03,20.08,9.544611045
168674,-1.41,-9.74,1.43,-0.07,0.07,-0.01,20.09,9.944878079
168776,-1.24,-10.42,0.44,-0.06,0.06,0.02,20.08,10.5027425
168878,-1.08,-9.83,0.49,-0.09,-0.12,0.05,20.09,9.901282745
168980,-1.27,-9.34,1.77,-0.08,-0.05,0.02,20.08,9.590693406
169082,-1.31,-9.92,0.79,-0.05,0.1,0,20.07,10.03726058
169184,-1.1,-10.02,0.17,-0.07,-0.04,0.04,20.08,10.08163181
169284,-1.06,-9.45,1.07,-0.08,-0.13,0.05,20.08,9.569273745
169386,-1.2,-9.21,1.42,-0.07,0,0.01,20.09,9.395770325
169488,-1.16,-10.01,0.35,-0.06,0.1,0,20.09,10.08306501
169590,-1.03,-9.85,0.55,-0.07,-0.09,0.04,20.09,9.91896668
169692,-1.11,-9.2,1.32,-0.08,-0.1,0.02,20.09,9.360261748
169794,-1.36,-9.79,1.27,-0.06,0.1,-0.01,20.09,9.96526969
169896,-1.1,-10.31,-0.03,-0.07,0,0.02,20.09,10.36855824
169998,-1.13,-9.54,1.33,-0.09,-0.13,0.03,20.09,9.698319442
170100,-1.28,-9.5,1.36,-0.08,0.04,-0.01,20.08,9.681838668
170202,-1.2,-10.4,0.52,-0.07,0.08,0,20.08,10.48190822
170304,-1.12,-9.97,0.51,-0.08,-0.12,0.04,20.09,10.04566573
170406,-1.34,-9.39,1.92,-0.08,-0.04,0.01,20.09,9.677504844
170508,-1.27,-10.19,0.32,-0.06,0.11,0,20.09,10.2738211
170608,-1.09,-10.37,-0.05,-0.07,-0.02,0.03,20.08,10.42724796
170710,-1.24,-9.54,1.39,-0.08,-0.13,0.03,20.08,9.720149176
170812,-1.44,-9.82,1.43,-0.06,0.08,0,20.09,10.02750717
170914,-1.09,-10.37,0.1,-0.06,0.03,0.03,20.08,10.42760759
171016,-1.12,-9.57,1.19,-0.09,-0.14,0.04,20.09,9.70852203
171118,-1.33,-9.47,1.23,-0.07,0.04,0.01,20.09,9.641716652
171220,-1.09,-10.14,0.41,-0.06,0.07,0.02,20.09,10.20665469
171322,-1.02,-9.57,0.52,-0.08,-0.14,0.04,20.09,9.638241541
171424,-1.3,-9.22,1.86,-0.07,-0.01,0.01,20.08,9.49515666
171526,-1.12,-10.09,0.3,-0.06,0.1,0.01,20.09,10.15640192
171628,-1.07,-9.85,0.68,-0.08,-0.13,0.04,20.09,9.931253697
171730,-1.33,-9.34,1.78,-0.08,-0.05,0.01,20.08,9.600671851
171832,-1.21,-10.17,0.22,-0.06,0.12,-0.01,20.09,10.24409098
171934,-1.08,-10.04,0.75,-0.08,-0.1,0.03,20.09,10.12573454
172034,-1.2,-9.47,1.32,-0.09,-0.12,0.02,20.09,9.63656059
172136,-1.41,-10.01,1.45,-0.06,0.11,-0.01,20.09,10.21228182
172238,-1.08,-10.37,-0.06,-0.07,0,0.02,20.08,10.42626012
172340,-1.21,-9.61,1.56,-0.09,-0.14,0.03,20.08,9.810698242
172442,-1.39,-9.73,1.19,-0.07,0.07,0,20.08,9.90056059
172544,-1.14,-10.43,0.38,-0.06,0.06,0.02,20.09,10.49899519
172646,-1.06,-9.82,0.84,-0.09,-0.12,0.05,20.08,9.912698926
172748,-1.35,-9.46,1.88,-0.07,0,0.01,20.09,9.739019458
172850,-1.18,-10.17,0.34,-0.05,0.08,0.01,20.09,10.24387134
172952,-1.01,-9.75,0.56,-0.07,-0.11,0.05,20.09,9.81815665
173054,-1.24,-9.12,1.65,-0.08,-0.07,0.02,20.09,9.350641689
173156,-1.3,-9.82,0.75,-0.06,0.11,0,20.08,9.934027381
173258,-1.1,-10.05,0.34,-0.08,-0.06,0.04,20.09,10.11573527
173360,-1.15,-9.41,1.21,-0.09,-0.12,0.03,20.09,9.55691896
173460,-1.29,-9.5,1.17,-0.07,0.06,-0.01,20.08,9.658312482
173562,-1.22,-10.32,0.51,-0.06,0.08,0.01,20.09,10.40436927
173664,-1.11,-9.91,0.54,-0.08,-0.12,0.04,20.09,9.986580997
173766,-1.29,-9.31,1.9,-0.09,-0.06,0.01,20.09,9.589066691
173868,-1.3,-10.07,0.51,-0.06,0.11,-0.01,20.09,10.16636612
173970,-1.17,-10.29,0.37,-0.08,-0.04,0.04,20.08,10.36290982
174072,-1.16,-9.59,1.3,-0.08,-0.13,0.04,20.08,9.746984149
174174,-1.39,-9.65,1.42,-0.06,0.06,0,20.08,9.852461621
174276,-1.21,-10.22,0.3,-0.06,0.08,0.02,20.09,10.29575155
174378,-1.05,-9.7,0.45,-0.08,-0.12,0.05,20.09,9.767036398
174480,-1.17,-9.14,1.57,-0.07,-0.08,0.02,20.09,9.347373963
174582,-1.3,-9.82,0.91,-0.05,0.1,0,20.09,9.947386591
174684,-1.11,-10.24,0.07,-0.08,-0.01,0.03,20.08,10.3002233
174784,-1.08,-9.66,1.03,-0.09,-0.13,0.04,20.08,9.774604851
174886,-1.24,-9.36,1.66,-0.08,-0.01,0,20.07,9.586594807
174988,-1.31,-10.15,0.4,-0.06,0.11,-0.01,20.08,10.24200176
175090,-1.12,-10.21,0.42,-0.08,-0.05,0.03,20.07,10.27982977
175192,-1.17,-9.44,1.23,-0.09,-0.11,0.03,20.07,9.591423252
175294,-1.41,-9.72,1.34,-0.07,0.07,-0.01,20.07,9.912724146
175396,-1.24,-10.41,0.33,-0.06,0.06,0.02,20.07,10.48878449
175498,-1.07,-9.74,0.68,-0.09,-0.12,0.05,20.08,9.822163713
175600,-1.26,-9.26,1.8,-0.07,-0.05,0.02,20.07,9.517100399
175702,-1.26,-9.9,0.54,-0.05,0.1,0,20.08,9.994458465
175804,-1.07,-10.08,0.05,-0.08,-0.02,0.04,20.07,10.1367549
175906,-1.2,-9.36,1.29,-0.09,-0.12,0.03,20.08,9.524373995
176008,-1.33,-9.57,1.35,-0.06,0.05,-0.01,20.08,9.755834152
176108,-1.21,-10.26,0.56,-0.06,0.1,0,20.07,10.34626986
176210,-1.13,-10.05,0.68,-0.07,-0.09,0.04,20.08,10.13616298
176312,-1.14,-9.32,1.3,-0.09,-0.09,0.02,20.07,9.479029486
176414,-1.41,-9.81,1.32,-0.07,0.09,-0.01,20.07,9.998329861
176516,-1.19,-10.48,0.14,-0.06,0.04,0.02,20.08,10.54827474
176618,-1.1,-9.82,0.87,-0.09,-0.12,0.05,20.08,9.919642131
176720,-1.27,-9.34,1.76,-0.08,-0.04,0.01,20.08,9.588852903
176822,-1.31,-9.96,0.46,-0.05,0.1,0,20.08,10.05630648
176924,-1.08,-10.12,0.17,-0.07,-0.02,0.04,20.08,10.17888501
177026,-1.1,-9.41,1.31,-0.08,-0.14,0.04,20.08,9.564214552
177128,-1.18,-9.34,1.35,-0.07,0,0,20.08,9.510546777
177230,-1.25,-10.21,0.51,-0.06,0.11,0,20.07,10.29886887
177330,-1.15,-10.25,0.08,-0.07,-0.02,0.03,20.08,10.31462069
177432,-1.12,-9.53,1.22,-0.09,-0.13,0.04,20.07,9.672833091
177534,-1.21,-9.47,1.51,-0.08,0.02,-0.01,20.08,9.66566604
177636,-1.26,-10.25,0.52,-0.06,0.1,0,20.08,10.34023694
177738,-1.15,-10.29,0.48,-0.07,-0.04,0.04,20.07,10.3651821
177840,-1.19,-9.43,1.23,-0.09,-0.12,0.03,20.07,9.584044032
177942,-1.38,-9.59,1.49,-0.06,0.05,0,20.07,9.802683306
178044,-1.19,-10.21,0.45,-0.06,0.08,0.01,20.07,10.2889601
178146,-1.04,-9.69,0.43,-0.08,-0.12,0.05,20.07,9.755131983
178248,-1.18,-9.11,1.53,-0.08,-0.08,0.02,20.08,9.312647314
178350,-1.31,-9.76,1.16,-0.06,0.09,-0.01,20.08,9.915608907
178452,-1.11,-10.3,0.07,-0.07,0,0.03,20.08,10.35987452
178554,-1.16,-9.52,1.4,-0.08,-0.14,0.04,20.08,9.692058605
178654,-1.27,-9.39,1.78,-0.08,-0.03,0,20.07,9.641234361
178756,-1.26,-10.19,0.34,-0.06,0.12,-0.01,20.07,10.27323221
178858,-1.13,-10.12,0.62,-0.08,-0.07,0.04,20.07,10.20174985
178960,-1.15,-9.43,1.29,-0.09,-0.11,0.02,20.06,9.587048555
179062,-1.46,-9.85,1.42,-0.06,0.08,-0.01,20.06,10.05835474
179164,-1.17,-10.46,0.1,-0.05,0.03,0.03,20.08,10.52570663
179266,-1.07,-9.65,0.87,-0.09,-0.13,0.05,20.07,9.748040829
179368,-1.29,-9.32,1.75,-0.08,-0.02,0.01,20.07,9.570214209
179470,-1.24,-10.02,0.45,-0.05,0.11,0.01,20.05,10.10645833
179572,-1.08,-10,0.56,-0.07,-0.08,0.04,20.07,10.07372821
179674,-1.14,-9.36,1.2,-0.09,-0.11,0.03,20.07,9.505219619
179776,-1.41,-9.7,1.31,-0.06,0.07,-0.01,20.07,9.889095004
179878,-1.17,-10.35,0.24,-0.06,0.02,0.02,20.06,10.41868514
179980,-1.06,-9.7,0.79,-0.09,-0.12,0.04,20.06,9.78967313
180080,-1.29,-9.33,1.77,-0.08,-0.06,0.01,20.07,9.583626662
180182,-1.32,-10.01,0.86,-0.06,0.1,-0.01,20.06,10.13321765
180284,-1.13,-10.34,0.06,-0.07,-0.02,0.04,20.07,10.40173543
180386,-1.14,-9.51,1.47,-0.08,-0.13,0.04,20.06,9.690232195
180488,-1.3,-9.52,1.3,-0.06,0.05,0,20.06,9.695896039
180590,-1.2,-10.16,0.37,-0.06,0.07,0.02,20.07,10.23730922
180692,-1.07,-9.84,0.44,-0.08,-0.12,0.05,20.06,9.907779771
180794,-1.24,-9.24,1.66,-0.08,-0.07,0.02,20.06,9.469466722
180896,-1.31,-9.95,0.94,-0.06,0.1,-0.01,20.08,10.07979166
180998,-1.12,-10.29,0,-0.08,-0.02,0.03,20.06,10.35077292
181100,-1.12,-9.54,1.39,-0.08,-0.13,0.04,20.07,9.705570565
181202,-1.24,-9.52,1.35,-0.07,0.03,-0.01,20.06,9.694869777
181304,-1.24,-10.35,0.61,-0.06,0.09,0.01,20.07,10.4418485
181404,-1.18,-10.27,0.45,-0.08,-0.04,0.04,20.07,10.34735715
181506,-1.17,-9.38,1.17,-0.09,-0.12,0.04,20.07,9.524820208
181608,-1.33,-9.54,1.28,-0.06,0.05,0,20.07,9.716938818
181710,-1.21,-10.18,0.36,-0.06,0.07,0.02,20.07,10.25797738
181812,-1.07,-9.76,0.54,-0.08,-0.11,0.05,20.07,9.833315819
181914,-1.24,-9.23,1.72,-0.08,-0.07,0.02,20.07,9.470422377
182016,-1.29,-9.9,1.03,-0.06,0.1,-0.01,20.06,10.03668272
182118,-1.13,-10.35,0.04,-0.07,0,0.03,20.07,10.41158009
182220,-1.12,-9.57,1.4,-0.09,-0.13,0.04,20.06,9.736493209
182322,-1.21,-9.48,1.39,-0.08,0.01,0,20.07,9.657463435
182424,-1.24,-10.3,0.52,-0.06,0.11,0,20.05,10.38739621
182526,-1.16,-10.23,0.62,-0.07,-0.06,0.04,20.06,10.31420865
182628,-1.14,-9.33,1.35,-0.09,-0.1,0.03,20.05,9.495841195
182728,-1.26,-9.48,1.3,-0.07,0.03,0,20.07,9.651321153
182830,-1.22,-10.17,0.53,-0.06,0.07,0.01,20.06,10.25661738
182932,-1.06,-9.79,0.56,-0.07,-0.1,0.05,20.07,9.863128307
183034,-1.15,-9.11,1.37,-0.08,-0.09,0.03,20.06,9.283937742
183136,-1.27,-9.81,1.15,-0.06,0.1,-0.01,20.06,9.958488841
183238,-1.14,-10.32,0.11,-0.07,0.01,0.03,20.07,10.38335688
183340,-1.08,-9.62,1.28,-0.09,-0.13,0.04,20.07,9.764691495
183442,-1.27,-9.44,1.61,-0.08,-0.01,0,20.06,9.660155278
183544,-1.26,-10.31,0.37,-0.06,0.1,0,20.06,10.39329592
183646,-1.15,-10.2,0.74,-0.07,-0.08,0.04,20.06,10.29126328
183748,-1.18,-9.45,1.37,-0.09,-0.1,0.03,20.06,9.621424011
183850,-1.39,-9.88,1.36,-0.07,0.09,-0.01,20.06,10.06956305
183952,-1.16,-10.4,0.08,-0.06,0.02,0.03,20.05,10.46479813
184052,-1.08,-9.9,0.47,-0.07,-0.11,0.05,20.05,9.969819457
184154,-1.25,-9.24,1.75,-0.08,-0.05,0.02,20.06,9.486970012
184256,-1.29,-9.87,0.59,-0.05,0.1,0,20.06,9.971414142
184358,-1.07,-10,0.19,-0.08,-0.04,0.04,20.05,10.05887668
184460,-1.15,-9.33,1.15,-0.09,-0.12,0.03,20.06,9.470686353
184562,-1.4,-9.61,1.37,-0.06,0.07,-0.01,20.05,9.807599095
184664,-1.13,-10.28,0.26,-0.06,0.04,0.02,20.05,10.34518729
184766,-1.05,-9.76,0.89,-0.09,-0.13,0.04,20.05,9.856581558
184868,-1.29,-9.5,1.5,-0.08,0,-0.01,20.05,9.703818836
184970,-1.25,-10.32,0.37,-0.06,0.11,0,20.06,10.40200942
185072,-1.12,-10.13,0.73,-0.08,-0.08,0.04,20.05,10.21783734
185174,-1.2,-9.38,1.47,-0.09,-0.09,0.02,20.06,9.570020899
185276,-1.37,-9.97,1.27,-0.07,0.1,-0.01,20.06,10.14350531
185376,-1.25,-10.38,0.37,-0.06,0.06,0.02,20.06,10.46153908
185478,-1.07,-9.75,0.6,-0.09,-0.12,0.05,20.04,9.826871323
185580,-1.23,-9.31,1.71,-0.07,-0.04,0.02,20.05,9.545318224
185682,-1.29,-9.91,0.63,-0.05,0.1,0,20.05,10.01344596
185784,-1.07,-9.97,0.25,-0.07,-0.04,0.04,20.06,10.03036889
185886,-1.12,-9.31,1.19,-0.08,-0.13,0.04,20.05,9.452333045
185988,-1.23,-9.39,1.24,-0.06,0.03,0,20.06,9.551052298
186090,-1.24,-10.24,0.72,-0.06,0.08,0,20.05,10.33990329
186192,-1.11,-9.97,0.52,-0.08,-0.1,0.04,20.04,10.04506844
186294,-1.19,-9.27,1.5,-0.09,-0.08,0.01,20.05,9.465674831
186396,-1.37,-9.92,1.29,-0.07,0.1,-0.01,20.04,10.09690051
186498,-1.14,-10.48,0.04,-0.07,0.03,0.02,20.05,10.54189736
186598,-1.11,-9.91,0.52,-0.09,-0.11,0.04,20.04,9.985519516
186700,-1.28,-9.35,1.89,-0.08,-0.06,0.02,20.05,9.624603888
186802,-1.31,-10.06,0.77,-0.06,0.1,0,20.04,10.17411421
186904,-1.15,-10.33,0.06,-0.07,-0.01,0.04,20.05,10.39398865
187006,-1.09,-9.47,1.33,-0.08,-0.13,0.05,20.05,9.624858441
187108,-1.17,-9.32,1.36,-0.07,0.01,0.01,20.06,9.491095827
187210,-1.19,-10.09,0.49,-0.06,0.09,0.01,20.04,10.17174026
187312,-1.07,-9.88,0.61,-0.07,-0.09,0.05,20.05,9.95647528
187414,-1.11,-9.19,1.25,-0.08,-0.11,0.03,20.04,9.340808316
187516,-1.38,-9.7,1.36,-0.06,0.08,-0.01,20.05,9.891612609
187618,-1.18,-10.35,0.17,-0.06,0.03,0.02,20.04,10.41843558
187720,-1.07,-9.77,0.75,-0.09,-0.12,0.04,20.04,9.856992442
187822,-1.27,-9.4,1.78,-0.08,-0.03,0,20.05,9.650974044
187924,-1.31,-10.28,0.47,-0.06,0.11,-0.01,20.06,10.37378427
188024,-1.12,-10.44,0.09,-0.07,0,0.02,20.05,10.50029047
188126,-1.16,-9.62,1.44,-0.08,-0.13,0.04,20.06,9.796101265
188228,-1.26,-9.56,1.28,-0.08,0.03,0,20.05,9.727260663
188330,-1.25,-10.4,0.46,-0.06,0.1,0.01,20.04,10.48494635
188432,-1.15,-10.16,0.71,-0.08,-0.09,0.05,20.04,10.24949755
188534,-1.16,-9.32,1.56,-0.08,-0.08,0.03,20.05,9.520588217
188636,-1.36,-9.85,1.36,-0.06,0.09,0,20.06,10.03602013
188738,-1.14,-10.37,0,-0.06,0.03,0.03,20.06,10.43247334
188840,-1.05,-9.49,1.09,-0.08,-0.13,0.05,20.06,9.609927159
188942,-1.23,-9.14,1.67,-0.07,-0.02,0.01,20.06,9.372374299
189044,-1.23,-9.89,0.44,-0.06,0.09,0,20.06,9.975900962
189146,-1.09,-9.97,0.12,-0.07,-0.03,0.04,20.05,10.03012463
189248,-1.08,-9.25,1.16,-0.09,-0.13,0.04,20.05,9.384801543
189348,-1.17,-9.12,1.44,-0.08,-0.02,0,20.05,9.30682008
189450,-1.25,-10.01,0.46,-0.06,0.09,-0.01,20.05,10.09822757
189552,-1.19,-10.18,0.54,-0.08,-0.04,0.03,20.05,10.26353253
189654,-1.12,-9.48,1.21,-0.09,-0.13,0.03,20.05,9.622312612
189756,-1.16,-9.42,1.28,-0.08,0.01,-0.01,20.06,9.577076798
189858,-1.28,-10.4,0.65,-0.07,0.1,-0.01,20.05,10.49861419
189960,-1.24,-10.26,0.69,-0.07,-0.06,0.04,20.05,10.35766866
190062,-1.09,-9.45,1.03,-0.09,-0.11,0.03,20.05,9.568254804
190164,-1.35,-9.66,1.43,-0.07,0.05,-0.01,20.05,9.858143842
190266,-1.28,-10.43,0.59,-0.06,0.08,0.01,20.05,10.52479929
190368,-1.2,-10.2,0.67,-0.08,-0.07,0.05,20.06,10.29217664
190470,-1.12,-9.36,1.2,-0.08,-0.11,0.04,20.06,9.50284168
190570,-1.18,-9.44,1.35,-0.07,0.01,0,20.07,9.608772034
190672,-1.24,-10.12,0.4,-0.06,0.1,0,20.07,10.2035288
190774,-1.13,-9.94,0.56,-0.07,-0.06,0.05,20.05,10.01968562
190876,-1.06,-9.21,1.14,-0.08,-0.11,0.04,20.07,9.340626317
190978,-1.19,-9.28,1.34,-0.06,0.03,0,20.06,9.451460205
191080,-1.23,-10.13,0.48,-0.06,0.09,0,20.06,10.21568402
191182,-1.15,-10.17,0.65,-0.07,-0.06,0.04,20.06,10.25543271
191284,-1.15,-9.42,1.23,-0.09,-0.12,0.03,20.05,9.569315545
191386,-1.2,-9.47,1.39,-0.08,0.02,-0.01,20.06,9.646398292
191488,-1.31,-10.38,0.65,-0.06,0.1,-0.01,20.06,10.48250924
191590,-1.21,-10.29,0.55,-0.07,-0.04,0.04,20.06,10.37548553
191692,-1.16,-9.56,1.26,-0.09,-0.13,0.04,20.05,9.712198515
