274698,-0.48,-10.1,-0.48,-0.05,0.07,0.02,19.98,10.12278618
274800,-1.8,-9.37,2.27,-0.09,-0.14,0.01,19.98,9.807639879
274902,-0.64,-10.32,-0.45,-0.05,0.1,0.02,19.97,10.34961352
275004,-1.75,-9.4,2.14,-0.1,-0.16,0.01,19.99,9.798066136
275106,-0.79,-10.35,-0.05,-0.06,0.16,0.01,19.98,10.38022639
275208,-1.68,-9.49,2.21,-0.09,-0.2,0.02,19.97,9.887699429
275310,-0.78,-10.26,0.12,-0.05,0.2,0.01,19.98,10.29030612
275412,-1.49,-9.64,1.57,-0.09,-0.24,0.02,19.98,9.880010121
275514,-1.11,-10.08,0.15,-0.04,0.21,0.01,19.99,10.14204121
275616,-1.32,-9.75,1.63,-0.12,-0.25,0.03,19.99,9.973053695
275718,-1.25,-9.99,0.51,-0.04,0.22,0.01,19.98,10.0808085
275820,-1.01,-9.75,0.96,-0.11,-0.25,0.04,19.99,9.849071022
275922,-1.41,-9.79,1.2,-0.05,0.23,0.01,19.99,9.963543546
276022,-0.59,-9.94,0.16,-0.07,-0.19,0.04,19.99,9.958780046
276124,-1.78,-9.6,1.76,-0.05,0.13,0.01,20,9.920987854
276226,-0.5,-9.9,0,-0.08,-0.15,0.04,20,9.912618221
276328,-1.78,-9.45,1.99,-0.07,0.08,0.01,20,9.819928717
276430,-0.47,-9.9,-0.58,-0.09,-0.08,0.03,19.99,9.928106567
276532,-1.85,-9.28,2.33,-0.07,-0.01,0.01,19.99,9.745244994
276634,-0.48,-10.06,-0.36,-0.06,-0.04,0.03,19.99,10.07787676
276736,-1.89,-9.45,2.29,-0.08,-0.05,0.01,19.99,9.905488378
276838,-0.49,-10.3,-0.62,-0.04,0.05,0.02,19.99,10.33027105
276940,-1.81,-9.45,2.17,-0.1,-0.09,0.01,19.98,9.863442604
277042,-0.68,-10.37,-0.25,-0.06,0.11,0.01,19.99,10.39527777
277144,-1.75,-9.47,2.31,-0.09,-0.17,0.01,19.99,9.903509479
277246,-0.78,-10.3,-0.08,-0.06,0.17,0.01,19.99,10.32980155
277346,-1.3,-9.76,1.51,-0.09,-0.25,0.02,19.98,9.961310155
277448,-1.26,-10.02,0.44,-0.04,0.23,0.01,19.99,10.10849148
277550,-1.16,-9.87,1.37,-0.11,-0.25,0.03,19.99,10.03191906
277652,-1.36,-9.96,0.9,-0.04,0.22,0.01,19.99,10.09263098
277754,-0.93,-9.76,0.74,-0.11,-0.25,0.04,19.99,9.832095402
277856,-1.5,-9.7,1.3,-0.05,0.22,0.01,19.99,9.901010049
277958,-0.78,-9.69,0.64,-0.08,-0.25,0.04,19.99,9.742386771
278060,-1.64,-9.52,1.36,-0.05,0.21,0.01,20,9.755490762
278162,-0.6,-9.87,0.19,-0.1,-0.2,0.03,19.99,9.8900455
278264,-1.81,-9.5,1.54,-0.04,0.15,0,19.99,9.792737105
278366,-0.56,-9.95,0.26,-0.11,-0.19,0.03,19.98,9.969137375
278468,-1.9,-9.67,2,-0.05,0.11,0,19.99,10.05578938
278570,-0.49,-10.1,-0.21,-0.07,-0.13,0.03,19.99,10.11405952
278672,-1.83,-9.73,1.9,-0.07,0.11,0,20,10.08125984
278774,-0.5,-10.21,-0.34,-0.08,-0.09,0.03,19.99,10.22788835
278874,-1.96,-9.43,2.43,-0.08,-0.02,0.01,19.99,9.933347875
278976,-0.41,-10.31,-0.25,-0.08,0.03,0.03,20,10.32117726
279078,-1.97,-9.47,2.4,-0.08,-0.11,0.01,19.99,9.96603231
279180,-0.49,-10.22,-0.61,-0.05,0.07,0.03,20,10.24990732
279282,-1.88,-9.35,2.27,-0.09,-0.1,0.02,20,9.803560578
279384,-0.41,-10.13,-0.55,-0.05,0.1,0.03,19.99,10.15320147
279486,-1.9,-9.21,2.45,-0.09,-0.13,0.02,20,9.717849556
279588,-0.52,-10.16,-0.54,-0.06,0.12,0.02,19.99,10.18761994
279690,-1.98,-9.38,2.45,-0.08,-0.13,0.01,19.99,9.894811772
279792,-0.42,-10.28,-0.48,-0.05,0.1,0.02,19.99,10.29976699
279894,-1.98,-9.43,2.5,-0.1,-0.14,0.01,19.99,9.954662224
279996,-0.5,-10.35,-0.58,-0.05,0.12,0.02,19.99,10.37828984
280098,-2.03,-9.44,2.5,-0.09,-0.1,0.01,19.99,9.974191697
280200,-0.38,-10.35,-0.51,-0.07,0.09,0.02,20,10.36952265
280300,-1.95,-9.45,2.47,-0.09,-0.18,0.02,19.99,9.960215861
280402,-0.54,-10.31,-0.41,-0.05,0.14,0.02,19.99,10.33226984
280504,-1.95,-9.48,2.37,-0.09,-0.17,0.02,19.99,9.964426727
280606,-0.42,-10.36,-0.7,-0.05,0.11,0.03,20,10.39211239
280708,-2.03,-9.41,2.53,-0.09,-0.12,0.02,20,9.953386358
280810,-0.4,-10.25,-0.55,-0.05,0.09,0.03,19.99,10.2725362
280912,-1.96,-9.32,2.49,-0.09,-0.13,0.02,20,9.843988013
281014,-0.26,-10.08,-0.7,-0.06,0.05,0.03,20,10.10762089
281116,-1.98,-9.2,2.33,-0.08,-0.08,0.02,19.99,9.694807889
281218,-0.24,-10.03,-0.55,-0.06,0.04,0.03,19.99,10.04793511
281320,-1.98,-9.24,2.43,-0.08,-0.09,0.01,19.99,9.757197343
281422,-0.29,-10.17,-0.7,-0.06,0.01,0.03,19.98,10.19818611
281524,-1.99,-9.4,2.3,-0.08,-0.06,0.01,19.99,9.879782386
281626,-0.35,-10.3,-0.57,-0.05,0.03,0.02,19.99,10.3216956
281726,-1.87,-9.39,2.3,-0.1,-0.16,0.01,19.98,9.846776122
281828,-0.61,-10.33,-0.36,-0.06,0.14,0.01,20.01,10.35425516
281930,-1.9,-9.44,2.49,-0.09,-0.18,0.01,19.99,9.946039413
282032,-0.53,-10.32,-0.55,-0.06,0.12,0.02,19.99,10.3482269
282134,-1.96,-9.51,2.45,-0.09,-0.16,0.01,19.99,10.01419992
282236,-0.56,-10.34,-0.42,-0.05,0.12,0.02,19.99,10.3636673
282338,-1.97,-9.43,2.33,-0.1,-0.12,0.02,19.99,9.911341988
282440,-0.44,-10.26,-0.68,-0.05,0.1,0.03,19.99,10.29191916
282542,-1.93,-9.23,2.43,-0.09,-0.13,0.02,19.99,9.737694799
282644,-0.43,-10.08,-0.5,-0.06,0.12,0.03,19.99,10.10154939
282746,-1.98,-9.25,2.46,-0.07,-0.11,0.02,20,9.774175157
282848,-0.38,-10.15,-0.67,-0.05,0.07,0.03,19.99,10.17918464
282950,-1.95,-9.41,2.27,-0.09,-0.11,0.01,19.99,9.874386057
283052,-0.41,-10.27,-0.51,-0.04,0.1,0.02,19.98,10.29082601
283152,-1.82,-9.39,2.29,-0.11,-0.18,0.01,19.99,9.835069903
283254,-0.63,-10.33,-0.15,-0.05,0.16,0.01,19.99,10.35028019
283356,-1.82,-9.43,2.28,-0.09,-0.19,0.02,19.99,9.870952335
283458,-0.67,-10.32,-0.32,-0.06,0.16,0.02,19.99,10.34667579
283560,-1.79,-9.5,2.12,-0.09,-0.19,0.02,19.99,9.896893452
283662,-0.67,-10.21,-0.19,-0.04,0.17,0.02,19.98,10.23372366
283764,-1.69,-9.28,2.12,-0.11,-0.2,0.02,19.99,9.667931526
283866,-0.68,-10.12,-0.36,-0.05,0.17,0.02,19.99,10.14920687
283968,-1.64,-9.27,2.09,-0.1,-0.23,0.02,19.99,9.643163381
284070,-0.65,-10.21,-0.16,-0.04,0.17,0.02,19.99,10.23192064
284172,-1.67,-9.42,1.93,-0.1,-0.22,0.02,19.99,9.759620894
284274,-0.72,-10.25,-0.12,-0.05,0.19,0.01,19.99,10.27595738
284376,-1.61,-9.48,1.97,-0.11,-0.24,0.02,19.99,9.815467386
284478,-0.67,-10.32,-0.09,-0.05,0.2,0.01,19.99,10.34211777
284578,-1.27,-9.72,1.62,-0.11,-0.28,0.02,20,9.935577487
284680,-0.98,-10.11,0.23,-0.04,0.25,0.01,19.99,10.15999016
284782,-1.4,-9.66,1.74,-0.11,-0.27,0.03,19.98,9.914797023
284884,-1.01,-9.99,0.08,-0.03,0.25,0.02,19.98,10.04124494
284986,-1.3,-9.46,1.63,-0.1,-0.28,0.03,19.99,9.687027408
285088,-0.82,-9.96,0.08,-0.04,0.25,0.02,19.99,9.994018211
285190,-1.47,-9.43,1.8,-0.1,-0.26,0.03,19.99,9.712147033
285292,-0.87,-10.05,0.06,-0.03,0.23,0.01,19.99,10.08776487
285394,-1.54,-9.51,1.88,-0.12,-0.25,0.02,19.99,9.815604923
285496,-0.84,-10.17,0.17,-0.04,0.24,0.01,19.99,10.20604723
285598,-1.54,-9.54,1.87,-0.11,-0.26,0.02,20.01,9.842768919
285700,-0.83,-10.18,0.02,-0.05,0.24,0.01,19.98,10.21379949
285802,-1.66,-9.56,2,-0.1,-0.25,0.02,19.98,9.907027809
285904,-0.71,-10.27,0.05,-0.03,0.23,0.02,19.98,10.29463452
286004,-1.36,-9.72,1.78,-0.11,-0.27,0.03,19.99,9.974788218
286106,-1.02,-10.05,0.2,-0.03,0.25,0.01,19.99,10.10360827
286208,-1.28,-9.51,1.58,-0.11,-0.3,0.03,19.99,9.724962725
286310,-1.05,-9.84,0.13,-0.04,0.26,0.02,19.98,9.896716627
286412,-1.43,-9.36,1.79,-0.09,-0.28,0.03,19.99,9.636316724
286514,-0.81,-9.93,-0.02,-0.03,0.24,0.01,19.99,9.963001556
286616,-1.45,-9.5,1.81,-0.11,-0.27,0.02,19.99,9.778987678
286718,-0.87,-10.07,0.01,-0.03,0.25,0.01,19.98,10.107517
286820,-1.6,-9.5,1.93,-0.13,-0.25,0.02,19.99,9.825217555
286922,-0.75,-10.24,0.13,-0.05,0.23,0.01,19.97,10.26825204
287024,-1.59,-9.5,1.95,-0.1,-0.26,0.02,19.98,9.827542928
287126,-0.69,-10.3,-0.15,-0.05,0.21,0.02,19.98,10.32417551
287228,-1.73,-9.57,2.04,-0.09,-0.23,0.02,19.96,9.936770099
287330,-0.64,-10.28,-0.17,-0.04,0.21,0.02,19.97,10.30130574
287430,-1.41,-9.65,1.76,-0.13,-0.27,0.03,19.98,9.910005045
287532,-1,-10,0.29,-0.04,0.25,0.01,19.97,10.05405888
287634,-1.28,-9.41,1.61,-0.1,-0.29,0.03,19.97,9.632164866
287736,-0.89,-9.97,0.05,-0.04,0.24,0.02,19.98,10.00977023
287838,-1.41,-9.52,1.74,-0.1,-0.27,0.03,19.97,9.779882412
287940,-0.95,-10,0.12,-0.03,0.25,0.01,19.97,10.04574039
288042,-1.34,-9.63,1.6,-0.12,-0.26,0.02,19.97,9.853552659
288144,-0.99,-10.11,0.13,-0.05,0.23,0.01,19.98,10.15918796
288246,-1.35,-9.64,1.73,-0.1,-0.28,0.02,19.96,9.886607103
288348,-1.13,-10.05,0.31,-0.04,0.25,0.01,19.96,10.11807788
288450,-1.4,-9.71,1.7,-0.1,-0.27,0.03,19.97,9.956610869
288552,-1.06,-10.01,0.13,-0.03,0.24,0.01,19.97,10.06680684
288654,-1.26,-9.55,1.6,-0.11,-0.27,0.03,19.97,9.76473758
288754,-1.37,-9.76,0.93,-0.03,0.25,0.01,19.97,9.899464632
288856,-0.89,-9.66,0.86,-0.09,-0.27,0.04,19.97,9.73895785
288958,-1.46,-9.64,1.27,-0.04,0.25,0.01,19.97,9.832298816
289060,-0.93,-9.79,0.77,-0.11,-0.28,0.03,19.97,9.864172545
289162,-1.4,-9.79,1.11,-0.04,0.24,0,19.96,9.951693323
289264,-0.91,-9.83,0.86,-0.11,-0.27,0.03,19.97,9.909419761
289366,-1.51,-9.82,1.38,-0.05,0.27,0,19.97,10.03079758
289468,-0.96,-9.92,0.72,-0.09,-0.27,0.03,19.97,9.992317049
289570,-1.45,-9.9,1.09,-0.05,0.23,0,19.97,10.06481992
289672,-0.88,-9.95,0.84,-0.11,-0.27,0.03,19.96,10.02409597
289774,-1.57,-9.82,1.51,-0.04,0.25,0.01,19.96,10.05869773
289876,-0.89,-9.8,0.68,-0.11,-0.27,0.04,19.97,9.863797443
289978,-1.4,-9.71,1.18,-0.05,0.25,0.01,19.97,9.881118358
290080,-0.81,-9.69,0.67,-0.09,-0.26,0.04,19.97,9.746850773
290180,-1.78,-9.45,1.52,-0.05,0.17,0.01,19.97,9.735568807
290282,-0.46,-9.87,0.17,-0.09,-0.21,0.04,19.97,9.882175874
290384,-1.9,-9.5,1.79,-0.05,0.16,0.01,19.96,9.852111449
290486,-0.53,-9.92,0.13,-0.11,-0.23,0.03,19.97,9.934998742
290588,-1.83,-9.66,1.53,-0.05,0.19,0,19.97,9.950145728
290690,-0.56,-9.98,0.39,-0.09,-0.23,0.03,19.97,10.00330445
290792,-1.73,-9.75,1.46,-0.06,0.23,0,19.96,10.00934563
290894,-0.68,-10.04,0.26,-0.09,-0.25,0.03,19.96,10.06635982
290996,-1.72,-9.79,1.51,-0.05,0.22,0.01,19.96,10.05398428
291098,-0.65,-10.06,0.44,-0.12,-0.25,0.03,19.96,10.09057481
291200,-1.6,-9.74,1.52,-0.04,0.25,0.01,19.97,9.986891408
291302,-0.73,-9.76,0.46,-0.1,-0.26,0.04,19.96,9.798066136
291404,-1.54,-9.58,1.39,-0.05,0.24,0.01,19.96,9.802045705
291506,-0.66,-9.79,0.45,-0.08,-0.26,0.04,19.96,9.822535314
291606,-1.87,-9.4,1.79,-0.05,0.16,0.01,19.96,9.749923077
291708,-0.42,-9.93,0.07,-0.1,-0.18,0.03,19.97,9.93912471
291810,-1.86,-9.55,1.68,-0.04,0.16,0,19.97,9.873423925
291912,-0.5,-9.97,0.2,-0.1,-0.21,0.03,19.97,9.984533039
292014,-1.89,-9.7,1.74,-0.05,0.15,0,19.97,10.03442574
292116,-0.43,-10.09,0.09,-0.07,-0.17,0.03,19.97,10.0995594
292218,-1.92,-9.71,1.67,-0.06,0.16,0,19.94,10.03789819
292320,-0.46,-10.2,-0.02,-0.1,-0.15,0.03,19.95,10.21038687
292422,-1.92,-9.69,2.03,-0.06,0.13,0,19.95,10.08481036
292524,-0.49,-10.1,0.26,-0.11,-0.18,0.04,19.97,10.1152212
292626,-1.92,-9.69,2.09,-0.05,0.12,0.01,19.96,10.09705898
292728,-0.47,-10.13,-0.22,-0.07,-0.13,0.04,19.96,10.14328349
292830,-1.84,-9.58,1.96,-0.06,0.09,0.01,19.96,9.950055276
292932,-0.45,-10.08,-0.35,-0.07,-0.12,0.04,19.96,10.09610816
293034,-1.84,-9.4,2.19,-0.07,0.06,0.01,19.96,9.825563597
293134,-0.4,-10.07,-0.31,-0.07,0.01,0.03,19.97,10.08270797
293236,-1.85,-9.21,2.3,-0.07,-0.07,0.02,19.97,9.671432159
293338,-0.41,-9.97,-0.58,-0.07,0.07,0.03,19.97,9.995268881
293440,-1.81,-9.2,2.25,-0.08,-0.14,0.02,19.96,9.642541159
293542,-0.44,-10.01,-0.48,-0.05,0.08,0.02,19.97,10.03115646
293644,-1.78,-9.23,2.18,-0.09,-0.14,0.01,19.96,9.649544031
293746,-0.65,-10.15,-0.42,-0.05,0.13,0.01,19.97,10.17945971
293848,-1.71,-9.27,2.11,-0.1,-0.19,0.01,19.96,9.659663555
293950,-0.71,-10.29,-0.18,-0.05,0.15,0.01,19.97,10.31603606
294052,-1.71,-9.45,2.14,-0.1,-0.2,0.01,19.96,9.839014178
294154,-0.79,-10.32,-0.08,-0.04,0.19,0.01,19.96,10.3505024
294256,-1.67,-9.55,1.92,-0.11,-0.21,0.01,19.97,9.883207981
294358,-0.8,-10.33,0.07,-0.05,0.21,0.01,19.97,10.36116789
294460,-1.53,-9.63,1.94,-0.11,-0.25,0.02,19.97,9.941901227
294560,-1.29,-10.07,0.69,-0.05,0.24,0,19.96,10.17571128
294662,-1.06,-9.91,1.14,-0.09,-0.27,0.03,19.96,10.03151534
294764,-1.37,-9.99,0.94,-0.05,0.23,0,19.97,10.12722074
294866,-1.05,-9.96,1.03,-0.11,-0.26,0.03,19.97,10.06801867
294968,-1.46,-9.98,1.16,-0.04,0.24,0.01,19.97,10.15271392
295070,-0.9,-9.94,0.72,-0.12,-0.25,0.03,19.96,10.00659782
295172,-1.59,-9.78,1.51,-0.05,0.23,0.01,19.97,10.022804
295274,-0.83,-9.87,0.7,-0.09,-0.26,0.04,19.97,9.929541782
295376,-1.64,-9.66,1.47,-0.05,0.21,0.01,19.97,9.907880702
295478,-0.6,-9.87,0.21,-0.08,-0.22,0.04,19.97,9.890449939
295580,-1.75,-9.44,1.4,-0.05,0.18,0.01,19.95,9.702375998
295682,-0.55,-9.78,0.19,-0.1,-0.2,0.04,19.97,9.797295545
295784,-1.8,-9.44,1.64,-0.04,0.15,0.01,19.96,9.749010206
295886,-0.48,-9.92,0.19,-0.1,-0.17,0.03,19.97,9.933423378
295988,-1.85,-9.58,1.76,-0.05,0.13,0,19.97,9.914459138
296088,-0.43,-10.16,-0.51,-0.06,-0.05,0.03,19.96,10.18187606
296190,-1.92,-9.42,2.19,-0.08,-0.01,0,19.97,9.859964503
296292,-0.44,-10.29,-0.51,-0.06,0,0.02,19.97,10.31202211
296394,-1.92,-9.47,2.46,-0.09,-0.04,0.01,19.96,9.970902667
296496,-0.47,-10.3,-0.42,-0.08,0.06,0.02,19.96,10.31926838
296598,-1.92,-9.49,2.27,-0.07,-0.07,0.01,19.97,9.944817746
296700,-0.56,-10.32,-0.44,-0.05,0.08,0.03,19.96,10.34454446
296802,-1.81,-9.48,2.23,-0.09,-0.14,0.02,19.96,9.905523712
296904,-0.7,-10.21,-0.24,-0.04,0.13,0.02,19.96,10.23678172
297006,-1.68,-9.19,2.07,-0.1,-0.17,0.02,19.96,9.568876632
297108,-0.7,-10.08,-0.22,-0.05,0.17,0.02,19.97,10.10667106
297210,-1.55,-9.29,1.94,-0.09,-0.23,0.02,19.97,9.616142678
297312,-0.76,-10.13,0.02,-0.04,0.18,0.02,19.95,10.15848906
297412,-1.06,-9.78,1.23,-0.1,-0.25,0.03,19.96,9.913874117
297514,-1.37,-9.82,0.97,-0.04,0.24,0,19.96,9.96243946
297616,-0.98,-9.8,0.79,-0.11,-0.26,0.03,19.95,9.88051112
297718,-1.48,-9.85,1.34,-0.05,0.22,0,19.97,10.0502985
297820,-0.84,-9.93,0.71,-0.09,-0.24,0.03,19.96,9.990725699
297922,-1.59,-9.8,1.4,-0.05,0.22,0,19.95,10.02637023
298024,-0.71,-10.01,0.35,-0.1,-0.22,0.04,19.96,10.04124992
298126,-1.8,-9.68,1.43,-0.04,0.17,0.01,19.96,9.949236152
298228,-0.49,-9.92,0.13,-0.09,-0.17,0.04,19.96,9.932945183
298330,-1.82,-9.46,1.66,-0.05,0.12,0.01,19.95,9.775459069
298432,-0.49,-9.98,-0.12,-0.09,-0.14,0.04,19.96,9.992742366
298534,-1.77,-9.45,2.11,-0.06,0.07,0.01,19.95,9.843144823
298636,-0.5,-10.1,-0.39,-0.07,-0.05,0.03,19.95,10.11988636
298738,-1.89,-9.53,2.09,-0.08,0.02,0,19.96,9.937861943
298838,-0.63,-10.31,-0.38,-0.06,0.08,0.02,19.95,10.33621788
298940,-1.81,-9.44,2.21,-0.09,-0.13,0.01,19.95,9.862748096
299042,-0.77,-10.34,-0.19,-0.06,0.14,0.02,19.95,10.37037126
299144,-1.68,-9.5,2.12,-0.09,-0.2,0.02,19.96,9.877590799
299246,-0.84,-10.22,0.1,-0.04,0.2,0.02,19.95,10.25495002
299348,-1.5,-9.49,1.77,-0.1,-0.22,0.03,19.95,9.769493334
299450,-0.95,-10,0.06,-0.04,0.22,0.02,19.95,10.04520284
299552,-1.22,-9.45,1.52,-0.1,-0.26,0.03,19.95,9.648901492
299654,-1.11,-9.83,0.42,-0.04,0.23,0.01,19.96,9.901383742
299756,-1.08,-9.63,1.23,-0.1,-0.26,0.03,19.95,9.768121621
299858,-1.33,-9.79,0.88,-0.04,0.23,0.01,19.95,9.919042292
299960,-0.91,-9.83,0.68,-0.11,-0.25,0.03,19.95,9.895423184
300062,-1.44,-9.9,1.33,-0.05,0.22,0,19.95,10.09219996
300164,-0.82,-9.91,0.52,-0.1,-0.25,0.03,19.95,9.957454494
300264,-1.87,-9.74,1.71,-0.06,0.14,0,19.94,10.06422377
300366,-0.52,-10.16,-0.09,-0.09,-0.13,0.03,19.94,10.17369648
300468,-1.85,-9.67,2.07,-0.07,0.09,0.01,19.94,10.06063119
300570,-0.49,-10.2,-0.4,-0.08,-0.09,0.03,19.94,10.21959393
300672,-1.87,-9.62,2.17,-0.06,0.06,0.01,19.94,10.03743991
300774,-0.43,-10.13,-0.59,-0.06,-0.06,0.04,19.93,10.15627392
300876,-1.94,-9.33,2.25,-0.08,-0.01,0.01,19.94,9.791578014
300978,-0.4,-10.03,-0.42,-0.07,-0.05,0.03,19.93,10.0467557
301080,-1.89,-9.28,2.46,-0.07,-0.02,0.01,19.94,9.784789216
301182,-0.35,-10.12,-0.48,-0.07,0.02,0.03,19.93,10.13742078
301284,-1.99,-9.4,2.34,-0.08,-0.06,0.01,19.94,9.889170845
301386,-0.33,-10.26,-0.57,-0.05,0,0.02,19.92,10.28111862
301488,-2,-9.47,2.43,-0.09,-0.04,0,19.94,9.97926851
301588,-0.51,-10.33,-0.44,-0.05,0.12,0.02,19.94,10.35193702
301690,-1.95,-9.39,2.55,-0.1,-0.16,0.01,19.95,9.923562868
301792,-0.58,-10.35,-0.47,-0.06,0.12,0.02,19.94,10.37688778
301894,-1.89,-9.51,2.27,-0.08,-0.17,0.02,19.94,9.958167502
301996,-0.48,-10.28,-0.46,-0.05,0.11,0.03,19.94,10.30147562
302098,-1.92,-9.38,2.31,-0.1,-0.14,0.02,19.92,9.84920809
302200,-0.49,-10.18,-0.55,-0.05,0.11,0.03,19.94,10.2066155
302302,-1.94,-9.18,2.47,-0.08,-0.11,0.02,19.93,9.702417225
302404,-0.36,-10.11,-0.53,-0.06,0.11,0.03,19.93,10.13028134
302506,-1.99,-9.34,2.44,-0.08,-0.14,0.01,19.94,9.856434447
302608,-0.45,-10.24,-0.52,-0.04,0.08,0.02,19.94,10.26306484
302710,-1.96,-9.43,2.33,-0.1,-0.11,0.01,19.94,9.909359212
302810,-0.66,-10.3,-0.3,-0.05,0.18,0.01,19.94,10.32548304
302912,-1.87,-9.37,2.36,-0.1,-0.17,0.01,19.93,9.841920544
303014,-0.62,-10.33,-0.26,-0.06,0.17,0.02,19.94,10.35185491
303116,-1.86,-9.51,2.31,-0.09,-0.18,0.02,19.93,9.96171672
303218,-0.66,-10.29,-0.37,-0.04,0.16,0.02,19.94,10.31778077
303320,-1.83,-9.4,2.22,-0.1,-0.16,0.02,19.93,9.830427254
303422,-0.6,-10.17,-0.41,-0.05,0.14,0.02,19.93,10.19593056
303524,-1.8,-9.22,2.38,-0.09,-0.19,0.02,19.94,9.690861675
303626,-0.52,-10.15,-0.6,-0.05,0.13,0.02,19.94,10.18100683
303728,-1.86,-9.32,2.24,-0.08,-0.16,0.02,19.95,9.764199916
303830,-0.61,-10.26,-0.4,-0.05,0.15,0.02,19.94,10.28589811
303932,-1.79,-9.41,2.28,-0.1,-0.19,0.01,19.94,9.846349577
304034,-0.64,-10.27,-0.43,-0.05,0.14,0.01,19.94,10.29890285
304136,-1.82,-9.45,2.32,-0.1,-0.18,0.01,19.93,9.899358565
304236,-0.82,-10.23,0.02,-0.05,0.22,0.01,19.94,10.26283099
304338,-1.53,-9.67,1.83,-0.1,-0.26,0.03,19.94,9.959854417
304440,-0.89,-10.15,0.09,-0.04,0.24,0.01,19.92,10.18934247
304542,-1.47,-9.52,1.89,-0.11,-0.27,0.03,19.93,9.816486133
304644,-0.72,-10.12,-0.1,-0.04,0.22,0.02,19.94,10.14607313
304746,-1.53,-9.34,1.83,-0.1,-0.26,0.03,19.94,9.639782155
304848,-0.74,-10.07,0.02,-0.04,0.24,0.02,19.94,10.09717287
304950,-1.59,-9.45,1.99,-0.1,-0.25,0.02,19.93,9.787272347
305052,-0.63,-10.24,-0.25,-0.04,0.2,0.01,19.94,10.26240713
305154,-1.73,-9.44,2.03,-0.11,-0.22,0.02,19.93,9.809556565
305256,-0.66,-10.3,-0.11,-0.05,0.2,0.01,19.92,10.32171013
305358,-1.86,-9.49,2.36,-0.09,-0.2,0.02,19.92,9.954360853
305460,-0.63,-10.32,-0.41,-0.05,0.16,0.02,19.92,10.34733782
305562,-1.81,-9.51,2.13,-0.1,-0.19,0.02,19.93,9.912270174
305662,-0.85,-10.21,0.08,-0.04,0.23,0.01,19.93,10.24563322
305764,-1.48,-9.48,1.78,-0.11,-0.26,0.03,19.93,9.758544974
305866,-0.91,-9.99,0.16,-0.04,0.24,0.02,19.93,10.03263674
305968,-1.5,-9.34,1.8,-0.09,-0.25,0.03,19.92,9.629413274
306070,-0.83,-9.99,0.01,-0.04,0.23,0.02,19.93,10.02442517
306172,-1.38,-9.54,1.6,-0.11,-0.26,0.02,19.93,9.771182119
306274,-1.02,-10.01,0.23,-0.03,0.24,0.01,19.93,10.06446223
306376,-1.43,-9.5,1.81,-0.12,-0.25,0.02,19.94,9.776042144
306478,-1,-10.08,0.17,-0.05,0.23,0.01,19.92,10.13090815
306580,-1.31,-9.67,1.54,-0.1,-0.27,0.02,19.92,9.879099149
306682,-1.18,-9.98,0.28,-0.04,0.25,0.01,19.9,10.05341733
306784,-1.31,-9.76,1.76,-0.11,-0.27,0.03,19.91,10.00356436
306886,-1.17,-9.96,0.36,-0.03,0.25,0.01,19.92,10.03494395
306988,-1.11,-9.61,1.29,-0.11,-0.28,0.03,19.92,9.759523554
307088,-1.39,-9.68,1.11,-0.04,0.26,0.01,19.92,9.842083113
307190,-0.85,-9.67,0.69,-0.09,-0.28,0.04,19.92,9.731777844
307292,-1.41,-9.75,1.04,-0.04,0.24,0.01,19.91,9.906169795
307394,-0.9,-9.85,0.77,-0.11,-0.28,0.03,19.92,9.920957615
307496,-1.44,-9.79,1.26,-0.04,0.25,0,19.92,9.975234333
307598,-0.86,-9.84,0.59,-0.1,-0.27,0.03,19.91,9.895114956
307700,-1.4,-9.89,1,-0.05,0.25,0,19.92,10.03853077
307802,-0.98,-9.88,0.93,-0.11,-0.28,0.03,19.92,9.971945648
307904,-1.4,-9.85,1.18,-0.04,0.25,0.01,19.92,10.01872746
308006,-0.86,-9.79,0.65,-0.1,-0.27,0.03,19.92,9.849172554
308108,-1.39,-9.76,0.89,-0.04,0.25,0.01,19.92,9.898575655
308210,-0.9,-9.7,0.83,-0.09,-0.28,0.03,19.92,9.776957604
308312,-1.4,-9.7,1.06,-0.04,0.24,0.01,19.92,9.857667067
308412,-0.62,-9.89,0.34,-0.11,-0.23,0.03,19.92,9.915245837
308514,-1.77,-9.62,1.53,-0.04,0.2,0,19.91,9.900414133
308616,-0.57,-9.91,0.23,-0.1,-0.23,0.03,19.92,9.929043257
308718,-1.71,-9.73,1.41,-0.05,0.21,0,19.92,9.979233437
308820,-0.64,-9.99,0.4,-0.09,-0.22,0.03,19.93,10.01846795
308922,-1.83,-9.7,1.43,-0.05,0.18,0,19.92,9.974156606
309024,-0.65,-10.03,0.33,-0.1,-0.23,0.04,19.92,10.05645564
309126,-1.82,-9.66,1.57,-0.04,0.18,0.01,19.91,9.954541677
309228,-0.5,-9.86,0.21,-0.09,-0.21,0.04,19.91,9.874902531
309330,-1.87,-9.5,1.59,-0.05,0.14,0.01,19.92,9.81198247
309432,-0.48,-9.9,0.08,-0.09,-0.2,0.04,19.92,9.911952381
309534,-1.85,-9.56,1.71,-0.05,0.16,0.01,19.92,9.886364347
309636,-0.47,-10.01,0.17,-0.09,-0.18,0.03,19.91,10.02246976
309738,-1.88,-9.69,1.55,-0.05,0.16,0,19.92,9.991646511
309838,-0.39,-10.13,-0.54,-0.07,-0.07,0.03,19.92,10.15187667
309940,-2.01,-9.52,2.39,-0.08,0.03,0,19.92,10.01911174
310042,-0.43,-10.19,-0.57,-0.08,-0.08,0.03,19.91,10.21498409
310144,-1.97,-9.53,2.54,-0.07,0.02,0.01,19.91,10.05750466
310246,-0.42,-10.26,-0.41,-0.07,-0.05,0.03,19.91,10.27677479
310348,-1.99,-9.51,2.34,-0.07,0.03,0.01,19.92,9.993788071
310450,-0.37,-10.11,-0.68,-0.06,-0.05,0.04,19.92,10.13959565
310552,-1.93,-9.29,2.44,-0.08,-0.02,0.01,19.91,9.797070991
310654,-0.36,-10.09,-0.39,-0.07,0.01,0.03,19.91,10.10394972
310756,-1.97,-9.36,2.39,-0.07,-0.01,0.01,19.9,9.859137893
310858,-0.35,-10.19,-0.64,-0.06,0.02,0.03,19.9,10.21607557
310958,-1.88,-9.41,2.12,-0.09,-0.14,0.01,19.91,9.82735468
311060,-0.64,-10.27,-0.38,-0.05,0.12,0.02,19.9,10.29693644
311162,-1.78,-9.38,2.36,-0.1,-0.16,0.01,19.91,9.8347547
311264,-0.69,-10.3,-0.25,-0.06,0.13,0.02,19.91,10.32611253
311366,-1.74,-9.45,2.18,-0.09,-0.19,0.02,19.9,9.853045215
311468,-0.77,-10.26,-0.14,-0.04,0.18,0.02,19.9,10.28980563
311570,-1.55,-9.41,1.8,-0.1,-0.22,0.03,19.91,9.705184182
311672,-0.74,-10.08,0.03,-0.04,0.18,0.02,19.91,10.10717072
311774,-1.43,-9.41,1.74,-0.1,-0.25,0.03,19.9,9.675773871
311876,-0.98,-10.01,0.16,-0.03,0.22,0.01,19.9,10.05913018
311978,-1.29,-9.63,1.56,-0.11,-0.26,0.03,19.89,9.840457306
312080,-1.1,-10.04,0.33,-0.05,0.23,0,19.9,10.10546882
312182,-1.22,-9.67,1.52,-0.1,-0.27,0.02,19.9,9.864466534
312282,-1.42,-9.87,1.17,-0.05,0.24,0,19.9,10.04002988
312384,-0.88,-9.95,0.62,-0.11,-0.27,0.03,19.89,10.00806175
312486,-1.54,-9.78,1.42,-0.04,0.23,0.01,19.89,10.00181983
312588,-0.75,-9.78,0.66,-0.1,-0.26,0.04,19.89,9.830895178
312690,-1.47,-9.66,1.32,-0.04,0.26,0.01,19.9,9.859964503
312792,-0.81,-9.84,0.51,-0.1,-0.27,0.03,19.89,9.886445266
312894,-1.5,-9.72,1.3,-0.04,0.22,0,19.9,9.92060482
312996,-0.9,-9.82,0.79,-0.11,-0.29,0.03,19.89,9.89274987
313098,-1.5,-9.81,1.43,-0.05,0.24,0,19.89,10.02651485
313200,-0.82,-9.92,0.62,-0.1,-0.28,0.03,19.89,9.973123884
313302,-1.51,-9.76,1.33,-0.04,0.27,0,19.89,9.96526969
313404,-0.96,-9.83,0.89,-0.11,-0.26,0.03,19.89,9.916783753
313506,-1.42,-9.79,1.06,-0.03,0.26,0.01,19.88,9.949075334
313608,-0.86,-9.69,0.78,-0.1,-0.28,0.03,19.9,9.759308377
313708,-1.75,-9.51,1.47,-0.05,0.21,0.01,19.9,9.780771953
313810,-0.56,-9.92,0.22,-0.1,-0.22,0.03,19.89,9.938229219
313912,-1.79,-9.62,1.47,-0.05,0.19,0,19.89,9.894917887
314014,-0.67,-9.92,0.39,-0.1,-0.24,0.03,19.89,9.950246228
314116,-1.81,-9.71,1.48,-0.05,0.19,0,19.9,9.987522215
314218,-0.57,-10.01,0.27,-0.09,-0.21,0.03,19.9,10.02985045
314320,-1.87,-9.67,1.58,-0.05,0.18,0,19.89,9.975078947
314422,-0.61,-10,0.34,-0.1,-0.22,0.03,19.88,10.02435534
314524,-1.85,-9.66,1.58,-0.05,0.17,0.01,19.9,9.96165147
314626,-0.46,-9.92,0.16,-0.08,-0.19,0.04,19.9,9.931948449
314728,-1.8,-9.49,1.49,-0.05,0.18,0.01,19.9,9.77344361
314830,-0.49,-9.94,0.08,-0.1,-0.19,0.03,19.89,9.952391672
314932,-1.86,-9.62,2.01,-0.05,0.12,0,19.89,10.00220476
315034,-0.46,-10.06,-0.08,-0.09,-0.14,0.03,19.89,10.07082916
315136,-1.86,-9.7,1.78,-0.06,0.14,0,19.89,10.03583579
315236,-0.42,-10.22,-0.61,-0.06,-0.02,0.02,19.9,10.2467995
315338,-1.95,-9.47,2.35,-0.08,-0.01,0.01,19.89,9.950170853
315440,-0.44,-10.31,-0.38,-0.07,0.02,0.03,19.89,10.32637884
315542,-1.92,-9.46,2.42,-0.08,-0.06,0.01,19.9,9.951602886
315644,-0.53,-10.18,-0.56,-0.06,0.07,0.03,19.88,10.20915765
315746,-1.76,-9.3,2.12,-0.08,-0.11,0.02,19.89,9.69958762
315848,-0.64,-10.15,-0.39,-0.05,0.12,0.02,19.89,10.17763234
315950,-1.73,-9.35,2.23,-0.09,-0.17,0.02,19.89,9.766693402
316052,-0.74,-10.23,-0.06,-0.05,0.16,0.01,19.89,10.25690499
316154,-1.62,-9.4,1.89,-0.1,-0.19,0.02,19.88,9.72401666
316256,-0.82,-10.22,-0.01,-0.05,0.21,0.01,19.88,10.25284838
316358,-1.45,-9.62,1.82,-0.1,-0.24,0.02,19.89,9.897439063
316460,-1.01,-10.07,0.21,-0.04,0.22,0.01,19.89,10.12270221
316562,-1.25,-9.52,1.48,-0.1,-0.25,0.03,19.89,9.715106793
316662,-1.37,-9.73,1.11,-0.04,0.22,0.01,19.87,9.888473087
316764,-0.79,-9.81,0.53,-0.09,-0.24,0.04,19.89,9.856018466
316866,-1.7,-9.64,1.4,-0.05,0.17,0,19.89,9.88835679
316968,-0.58,-9.94,0.31,-0.09,-0.17,0.03,19.89,9.961731777
317070,-1.78,-9.75,1.52,-0.06,0.13,0,19.87,10.02702847
317172,-0.56,-10.15,-0.18,-0.08,-0.12,0.03,19.87,10.16703005
317274,-1.82,-9.55,2.2,-0.07,0.06,0,19.87,9.967692812
317376,-0.56,-10.22,-0.26,-0.07,-0.04,0.03,19.88,10.23863272
317478,-1.83,-9.4,2.3,-0.08,0,0.01,19.88,9.848801958
317580,-0.44,-10.09,-0.57,-0.06,0.01,0.03,19.88,10.11566113
317682,-1.79,-9.34,2.13,-0.08,-0.1,0.01,19.88,9.745593876
317784,-0.57,-10.21,-0.28,-0.05,0.09,0.02,19.89,10.22973118
317886,-1.79,-9.38,2.19,-0.1,-0.12,0.01,19.89,9.797173062
317988,-0.76,-10.26,-0.17,-0.06,0.12,0.01,19.88,10.28951408
318088,-1.39,-9.53,1.77,-0.1,-0.24,0.02,19.9,9.792134599
318190,-1.14,-10.05,0.1,-0.05,0.22,0.01,19.89,10.11494439
318292,-1.13,-9.79,1.34,-0.1,-0.26,0.03,19.89,9.94568248
318394,-1.31,-9.86,0.65,-0.04,0.22,0.01,19.88,9.967858346
318496,-0.93,-9.71,0.82,-0.1,-0.26,0.04,19.89,9.788840585
318598,-1.38,-9.75,1.11,-0.04,0.23,0.01,19.89,9.909540857
318700,-0.85,-9.85,0.64,-0.11,-0.24,0.03,19.9,9.907300339
318802,-1.53,-9.8,1.43,-0.05,0.21,0,19.89,10.02126738
318904,-0.71,-9.9,0.48,-0.09,-0.23,0.03,19.89,9.937026718
319006,-1.78,-9.71,1.39,-0.05,0.18,0,19.88,9.969182514
319108,-0.59,-10.11,0.2,-0.09,-0.19,0.03,19.9,10.12917568
319210,-1.83,-9.66,1.69,-0.05,0.15,0,19.89,9.976001203
319312,-0.45,-9.9,0.04,-0.09,-0.16,0.04,19.89,9.91030272
319414,-1.86,-9.57,1.93,-0.06,0.1,0.01,19.89,9.938279529
319514,-0.43,-10.14,-0.54,-0.07,-0.06,0.03,19.89,10.1634689
319616,-1.98,-9.43,2.35,-0.08,0,0.01,19.89,9.918054245
319718,-0.32,-10.24,-0.6,-0.06,-0.01,0.02,19.89,10.26255329
319820,-2.04,-9.46,2.52,-0.08,0,0.01,19.89,10.00018
319922,-0.36,-10.3,-0.45,-0.08,-0.03,0.03,19.88,10.31610876
320024,-2.05,-9.44,2.46,-0.08,-0.02,0.01,19.88,9.968334866
320126,-0.31,-10.13,-0.59,-0.06,-0.03,0.03,19.88,10.1519013
320228,-2,-9.37,2.57,-0.08,0,0.01,19.88,9.919768142
320330,-0.31,-10.14,-0.52,-0.07,-0.04,0.03,19.88,10.15805592
320432,-2.03,-9.4,2.39,-0.07,0,0.01,19.88,9.909238114
320534,-0.29,-10.14,-0.67,-0.07,-0.05,0.03,19.89,10.16624808
320636,-2.04,-9.49,2.6,-0.08,0.01,0,19.89,10.04896512
320738,-0.34,-10.24,-0.51,-0.07,-0.05,0.03,19.89,10.25832832
320838,-2.03,-9.48,2.49,-0.08,-0.07,0.01,19.89,10.00956543
320940,-0.36,-10.28,-0.61,-0.06,0.05,0.03,19.89,10.30437286
321042,-1.97,-9.33,2.24,-0.09,-0.09,0.02,19.89,9.795274371
321144,-0.29,-10.16,-0.58,-0.06,0.03,0.03,19.9,10.18067287
321246,-2,-9.34,2.48,-0.07,-0.06,0.01,19.9,9.868434526
321348,-0.37,-10.24,-0.42,-0.06,0.03,0.03,19.89,10.25528644
321450,-1.98,-9.44,2.28,-0.08,-0.03,0.01,19.88,9.911225958
321552,-0.4,-10.27,-0.57,-0.06,0.02,0.03,19.88,10.29358052
321654,-1.95,-9.48,2.45,-0.09,-0.06,0.01,19.9,9.983756808
321756,-0.5,-10.27,-0.45,-0.06,0.06,0.03,19.89,10.29200661
321858,-1.86,-9.3,2.16,-0.09,-0.09,0.02,19.89,9.727034492
321960,-0.5,-10.2,-0.55,-0.07,0.08,0.03,19.89,10.22704747
322062,-1.89,-9.33,2.41,-0.08,-0.13,0.02,19.9,9.819831974
322164,-0.63,-10.22,-0.36,-0.05,0.11,0.02,19.9,10.24572594
322264,-1.59,-9.47,1.91,-0.11,-0.22,0.02,19.9,9.79066392
322366,-0.84,-10.14,0.1,-0.04,0.21,0.01,19.89,10.17522481
322468,-1.56,-9.5,1.77,-0.1,-0.23,0.02,19.9,9.788590297
322570,-0.92,-10.15,0.06,-0.05,0.22,0.01,19.89,10.19178591
322672,-1.39,-9.59,1.81,-0.11,-0.25,0.03,19.9,9.857804015
322774,-1.11,-9.93,0.31,-0.04,0.23,0.01,19.9,9.99665444
322876,-1.29,-9.47,1.53,-0.1,-0.27,0.03,19.89,9.67914769
322978,-1.12,-9.86,0.22,-0.04,0.23,0.01,19.89,9.925845052
323080,-1.18,-9.67,1.39,-0.11,-0.26,0.03,19.89,9.840396333
323182,-1.15,-9.96,0.3,-0.04,0.22,0.01,19.89,10.030658
323284,-1.13,-9.7,1.29,-0.11,-0.27,0.03,19.89,9.850431463
323386,-1.24,-9.93,0.52,-0.04,0.26,0.01,19.9,10.02062373
323488,-1.14,-9.82,1.23,-0.1,-0.28,0.03,19.89,9.962173458
323590,-1.24,-9.95,0.46,-0.03,0.24,0.01,19.9,10.03751463
323690,-0.76,-9.92,0.67,-0.1,-0.25,0.03,19.9,9.971604685
323792,-1.47,-9.74,1.2,-0.04,0.25,0.01,19.89,9.923129547
323894,-0.77,-9.72,0.48,-0.1,-0.27,0.04,19.89,9.76225896
323996,-1.57,-9.57,1.42,-0.05,0.22,0.01,19.9,9.801336644
324098,-0.67,-9.85,0.51,-0.1,-0.24,0.03,19.89,9.885924337
324200,-1.59,-9.71,1.31,-0.05,0.22,0,19.88,9.926142252
324302,-0.7,-9.88,0.45,-0.1,-0.24,0.03,19.89,9.914983611
324404,-1.77,-9.76,1.39,-0.05,0.2,0,19.9,10.01611701
324506,-0.58,-9.99,0.25,-0.09,-0.22,0.03,19.89,10.00994505
324608,-1.81,-9.72,1.47,-0.05,0.2,0,19.89,9.995769105
324710,-0.59,-10.05,0.28,-0.1,-0.2,0.03,19.89,10.07119655
324812,-1.86,-9.68,1.59,-0.05,0.15,0.01,19.89,9.984492977
324914,-0.52,-9.84,0.22,-0.09,-0.22,0.04,19.89,9.856185875
325016,-1.85,-9.54,1.51,-0.05,0.16,0.01,19.89,9.834337802
325118,-0.45,-9.98,0.09,-0.09,-0.18,0.03,19.89,9.990545531
325218,-1.87,-9.45,2.19,-0.07,0.06,0.01,19.89,9.879043476
325320,-0.43,-10.14,-0.51,-0.08,-0.08,0.03,19.89,10.16191911
325422,-1.98,-9.49,2.37,-0.07,0.02,0,19.88,9.979849698
325524,-0.43,-10.12,-0.49,-0.07,-0.08,0.03,19.89,10.14097628
325626,-1.99,-9.54,2.4,-0.08,0.03,0,19.9,10.03651832
325728,-0.42,-10.3,-0.53,-0.07,-0.04,0.03,19.89,10.32217516
325830,-2,-9.45,2.35,-0.08,-0.04,0.01,19.89,9.9410764
325932,-0.38,-10.22,-0.38,-0.06,-0.01,0.03,19.89,10.23411941
326034,-1.99,-9.4,2.44,-0.07,0,0.01,19.91,9.913309236
326136,-0.32,-10.11,-0.71,-0.06,-0.01,0.03,19.89,10.13995069
326238,-1.94,-9.28,2.32,-0.08,-0.07,0.01,19.89,9.760348354
326340,-0.29,-10.18,-0.46,-0.06,0,0.03,19.89,10.19451323
326442,-2.1,-9.43,2.6,-0.08,-0.02,0.01,19.9,10.00474387
326544,-0.3,-10.29,-0.72,-0.06,0,0.03,19.9,10.31952034
326644,-1.97,-9.4,2.35,-0.1,-0.14,0.01,19.91,9.887537611
326746,-0.48,-10.33,-0.56,-0.05,0.1,0.02,19.9,10.3562976
326848,-2,-9.41,2.5,-0.09,-0.12,0.01,19.9,9.939723336
326950,-0.32,-10.34,-0.55,-0.06,0.06,0.03,19.91,10.3595608
327052,-2.07,-9.44,2.42,-0.08,-0.1,0.01,19.9,9.962675344
327154,-0.28,-10.27,-0.7,-0.05,0.06,0.03,19.9,10.29763565
327256,-2.09,-9.34,2.58,-0.08,-0.01,0.01,19.89,9.912623265
327358,-0.2,-10.12,-0.63,-0.06,-0.02,0.03,19.9,10.141563
327460,-2.03,-9.24,2.47,-0.07,-0.01,0.01,19.89,9.777494567
327562,-0.24,-10.06,-0.73,-0.08,-0.05,0.03,19.9,10.08930622
327664,-2.07,-9.47,2.49,-0.06,0.06,0.01,19.89,10.00829156
327766,-0.28,-10.13,-0.56,-0.08,-0.11,0.03,19.89,10.14933003
327868,-2.05,-9.68,2.43,-0.07,0.09,0,19.9,10.18870944
327970,-0.31,-10.21,-0.54,-0.08,-0.12,0.03,19.9,10.22896867
328072,-1.99,-9.74,2.1,-0.07,0.15,0,19.89,10.16059545
328172,-0.33,-10.29,-0.66,-0.07,-0.06,0.03,19.91,10.3164238
328274,-2.02,-9.65,2.47,-0.07,0.06,0,19.91,10.1638477
328376,-0.36,-10.21,-0.46,-0.08,-0.09,0.03,19.9,10.22669546
328478,-2.04,-9.61,2.46,-0.07,0.06,0.01,19.91,10.12745279
328580,-0.39,-10.25,-0.6,-0.07,-0.09,0.04,19.9,10.27495012
328682,-1.91,-9.66,2.19,-0.06,0.1,0.01,19.91,10.08760626
328784,-0.44,-10.12,-0.41,-0.07,-0.12,0.04,19.91,10.1378548
328886,-1.93,-9.58,2.21,-0.07,0.07,0.01,19.89,10.01925147
328988,-0.34,-9.98,-0.35,-0.08,-0.13,0.04,19.9,9.991921737
329090,-1.89,-9.44,2.11,-0.06,0.1,0.01,19.9,9.855851054
329192,-0.39,-9.89,-0.45,-0.09,-0.13,0.03,19.91,9.907910981
329294,-1.91,-9.46,2.26,-0.07,0.06,0.01,19.89,9.911977603
329396,-0.39,-10.05,-0.29,-0.08,-0.12,0.03,19.9,10.06174438
329498,-1.91,-9.62,2.16,-0.06,0.11,0,19.89,10.04281335
329598,-0.39,-10.22,-0.61,-0.06,-0.04,0.03,19.89,10.2456137
329700,-1.98,-9.5,2.44,-0.09,-0.01,0,19.89,10.00619808
329802,-0.42,-10.33,-0.44,-0.06,0,0.02,19.89,10.34789351
329904,-2.03,-9.47,2.41,-0.08,-0.02,0,19.9,9.980475941
330006,-0.39,-10.31,-0.54,-0.08,-0.03,0.03,19.9,10.33149554
330108,-2.02,-9.54,2.57,-0.07,-0.02,0.01,19.91,10.08448809
330210,-0.38,-10.3,-0.42,-0.06,-0.01,0.03,19.9,10.31556106
330312,-2.05,-9.56,2.43,-0.07,0,0.01,19.91,10.07477047
330414,-0.33,-10.32,-0.7,-0.06,-0.02,0.03,19.9,10.34897579
330516,-2.03,-9.44,2.49,-0.08,-0.02,0.01,19.89,9.971689927
330618,-0.31,-10.22,-0.51,-0.06,-0.02,0.03,19.89,10.23741178
330720,-2,-9.34,2.47,-0.07,0.02,0.01,19.89,9.865926211
330822,-0.28,-9.98,-0.73,-0.08,-0.05,0.03,19.89,10.0105794
330924,-2.01,-9.35,2.42,-0.07,0.01,0.01,19.89,9.86503928
331024,-0.25,-10.17,-0.64,-0.06,0.03,0.03,19.9,10.193184
331126,-2.1,-9.39,2.48,-0.07,-0.05,0.01,19.89,9.936422898
331228,-0.26,-10.31,-0.65,-0.05,0.01,0.02,19.89,10.33374085
331330,-2.09,-9.47,2.42,-0.09,0,0,19.89,9.995268881
331432,-0.29,-10.28,-0.6,-0.07,-0.04,0.02,19.9,10.30157755
331534,-2.08,-9.46,2.5,-0.07,0.02,0.01,19.9,10.00339942
331636,-0.31,-10.23,-0.52,-0.08,-0.05,0.03,19.9,10.24789735
331738,-2,-9.62,2.33,-0.06,0.07,0.01,19.9,10.098183
331840,-0.35,-10.09,-0.6,-0.07,-0.12,0.04,19.9,10.11388155
331942,-1.96,-9.48,2.27,-0.07,0.08,0.01,19.89,9.943083023
332044,-0.31,-9.99,-0.3,-0.08,-0.14,0.03,19.9,9.999309976
332146,-1.94,-9.56,1.94,-0.05,0.13,0,19.9,9.945893625
332248,-0.39,-10.07,-0.12,-0.1,-0.16,0.03,19.89,10.07826374
332350,-1.94,-9.7,2.06,-0.05,0.14,0,19.91,10.10431591
332450,-0.3,-10.14,-0.68,-0.07,-0.1,0.03,19.9,10.16720217
332552,-2.04,-9.64,2.46,-0.08,0.06,0,19.9,10.15592438
332654,-0.33,-10.19,-0.39,-0.09,-0.14,0.03,19.9,10.20279864
332756,-2.04,-9.67,2.19,-0.06,0.13,0,19.89,10.12257872
332858,-0.37,-10.16,-0.19,-0.09,-0.15,0.04,19.9,10.16851022
332960,-1.94,-9.67,2.22,-0.06,0.12,0.01,19.89,10.10944608
333062,-0.41,-9.9,0.09,-0.08,-0.2,0.04,19.89,9.908894994
333164,-1.91,-9.44,1.65,-0.05,0.16,0.01,19.89,9.771601711
333266,-0.39,-9.95,0,-0.09,-0.2,0.03,19.89,9.957640283
333368,-1.94,-9.55,1.94,-0.05,0.18,0.01,19.88,9.936282001
333470,-0.54,-9.95,0.24,-0.1,-0.24,0.03,19.89,9.967532292
333572,-1.81,-9.66,1.49,-0.05,0.19,0,19.89,9.940412466
333674,-0.54,-9.97,0.2,-0.09,-0.23,0.03,19.89,9.986616043
333776,-1.72,-9.7,1.63,-0.05,0.24,0,19.89,9.985254128
333878,-0.67,-10.01,0.47,-0.11,-0.26,0.03,19.87,10.04340082
333978,-2,-9.65,2.17,-0.05,0.14,0.01,19.88,10.09115454
334080,-0.44,-9.99,0.14,-0.09,-0.21,0.04,19.89,10.00066498
334182,-1.86,-9.47,1.57,-0.05,0.18,0.01,19.89,9.777801389
334284,-0.42,-9.89,0.07,-0.08,-0.2,0.04,19.89,9.899161581
334386,-1.83,-9.49,1.58,-0.04,0.19,0.01,19.89,9.793130245
334488,-0.51,-9.99,0.17,-0.1,-0.22,0.03,19.89,10.00445401
334590,-1.85,-9.61,1.52,-0.05,0.18,0,19.89,9.903787154
334692,-0.5,-9.99,0.17,-0.09,-0.2,0.03,19.89,10.00394922
334794,-1.8,-9.7,1.54,-0.05,0.21,0,19.89,9.985068853
334896,-0.59,-10.03,0.35,-0.1,-0.22,0.03,19.89,10.05343225
334998,-1.87,-9.67,1.6,-0.05,0.16,0.01,19.89,9.978266382
335100,-0.45,-10.01,0.04,-0.09,-0.2,0.04,19.89,10.02018962
335202,-1.84,-9.58,1.55,-0.04,0.19,0.01,19.9,9.877474374
335304,-0.47,-9.89,0.25,-0.1,-0.23,0.03,19.89,9.90431724
335404,-1.98,-9.52,2.17,-0.06,0.12,0.01,19.89,9.96291624
335506,-0.32,-10.1,-0.22,-0.09,-0.16,0.03,19.89,10.10746259
335608,-2.01,-9.66,2.05,-0.06,0.15,0,19.89,10.07760884
335710,-0.3,-10.08,-0.19,-0.08,-0.16,0.03,19.89,10.08625302
335812,-1.96,-9.64,1.8,-0.06,0.17,0,19.89,10.00055998
335914,-0.45,-10.09,0.29,-0.1,-0.22,0.03,19.88,10.1041922
336016,-1.92,-9.63,1.68,-0.04,0.22,0,19.89,9.962213609
336118,-0.65,-9.79,0.53,-0.1,-0.28,0.04,19.89,9.825858741
336220,-1.52,-9.63,1.31,-0.04,0.25,0.01,19.89,9.836838923
336322,-0.82,-9.8,0.65,-0.1,-0.28,0.03,19.88,9.855703932
336424,-1.43,-9.73,1.16,-0.04,0.25,0.01,19.88,9.902696602
