702274,-1.06,-9.73,0.7,-0.07,-0.02,0.03,19.94,9.812568471
702376,-1.25,-9.6,0.98,-0.07,0.01,0.03,19.93,9.730513861
702478,-1.2,-9.59,0.98,-0.08,-0.04,0.03,19.94,9.714345063
702580,-1.01,-9.39,0.71,-0.07,0.01,0.02,19.94,9.470813059
702682,-1.3,-9.37,0.89,-0.07,-0.03,0.02,19.94,9.501526193
702784,-0.98,-9.5,0.74,-0.07,-0.02,0.01,19.94,9.579039618
702886,-1.3,-9.53,1.04,-0.07,0,0.01,19.94,9.674321682
702988,-1.17,-9.73,0.74,-0.08,-0.04,0,19.94,9.827990639
703090,-1.18,-9.78,0.83,-0.07,0.01,0,19.95,9.885833298
703192,-1.37,-9.93,1.06,-0.07,-0.05,0.01,19.94,10.0799504
703294,-1.13,-10.06,0.85,-0.07,-0.01,0.01,19.94,10.15888773
703396,-1.44,-10.06,1.02,-0.07,-0.01,0.01,19.93,10.21359878
703498,-1.12,-10.14,0.6,-0.07,-0.02,0.01,19.95,10.21929547
703598,-1.39,-10.11,0.87,-0.07,0.01,0.01,19.94,10.2421238
703700,-1.24,-10.15,0.94,-0.08,-0.03,0.02,19.94,10.26857829
703802,-1.25,-10.04,1.11,-0.08,0.01,0.02,19.94,10.17822185
703904,-1.44,-10.02,1.06,-0.08,-0.04,0.03,19.95,10.17829062
704006,-1.07,-9.96,0.69,-0.07,-0.01,0.03,19.95,10.04104576
704108,-1.42,-9.9,1.09,-0.07,-0.02,0.04,19.95,10.06054173
704210,-1.19,-9.9,0.94,-0.08,-0.03,0.03,19.94,10.01547303
704312,-1.19,-9.71,0.98,-0.07,0.02,0.03,19.94,9.831612279
704414,-1.3,-9.67,0.88,-0.07,-0.03,0.03,19.95,9.796596348
704516,-0.99,-9.53,0.7,-0.07,0,0.03,19.94,9.606820494
704618,-1.34,-9.41,1.18,-0.07,-0.02,0.02,19.93,9.577896429
704720,-1.05,-9.42,0.72,-0.08,-0.04,0.02,19.94,9.505645691
704822,-1.15,-9.46,0.81,-0.07,0.01,0.02,19.95,9.564005437
704924,-1.24,-9.62,0.92,-0.07,-0.04,0.01,19.95,9.74312065
705024,-1.09,-9.54,0.73,-0.07,0.01,0.01,19.94,9.629776737
705126,-1.33,-9.74,1.14,-0.07,-0.03,0.01,19.95,9.896266973
705228,-1.15,-9.92,0.83,-0.07,-0.02,0,19.94,10.02086823
705330,-1.33,-9.95,0.93,-0.07,0,0.01,19.94,10.08148303
705432,-1.23,-10.09,0.82,-0.08,-0.04,0,19.94,10.19771543
705534,-1.24,-10.02,0.93,-0.07,0.01,0.01,19.93,10.1391765
705636,-1.4,-10.07,1.09,-0.08,-0.03,0.02,19.94,10.22511614
705738,-1.12,-10.06,0.69,-0.08,-0.01,0.02,19.94,10.14564439
705840,-1.42,-10,1.06,-0.07,-0.01,0.03,19.94,10.15578653
705942,-1.22,-9.97,1.02,-0.08,-0.04,0.03,19.95,10.09602397
706044,-1.21,-9.79,0.95,-0.07,0.01,0.03,19.94,9.91013118
706146,-1.3,-9.73,0.89,-0.07,-0.04,0.03,19.94,9.856723594
706248,-0.99,-9.57,0.56,-0.07,0,0.03,19.95,9.637354409
706348,-1.35,-9.51,0.97,-0.07,-0.02,0.03,19.94,9.654195979
706450,-1.01,-9.48,0.74,-0.07,-0.02,0.02,19.95,9.562327123
706552,-1.2,-9.42,0.98,-0.07,0,0.02,19.94,9.54655959
706654,-1.2,-9.55,0.88,-0.08,-0.04,0.01,19.95,9.665241849
706756,-1.06,-9.55,0.65,-0.07,0.01,0.01,19.95,9.630607457
706858,-1.36,-9.71,1.09,-0.07,-0.03,0.01,19.95,9.865181194
706960,-1.12,-9.91,0.86,-0.07,-0.03,0,19.94,10.0100999
707062,-1.31,-9.94,0.91,-0.07,0.01,0.01,19.94,10.06716445
707164,-1.26,-10.13,0.89,-0.07,-0.03,0,19.94,10.24678486
707266,-1.17,-10.06,1,-0.07,0.01,0.01,19.94,10.17705753
707368,-1.49,-10.07,1.2,-0.07,-0.03,0.02,19.94,10.25012195
707470,-1.14,-10.11,0.68,-0.08,-0.02,0.02,19.94,10.1967691
707572,-1.36,-10.01,0.88,-0.07,0.01,0.03,19.94,10.14022189
707674,-1.3,-10.02,1.05,-0.07,-0.04,0.03,19.95,10.15839062
707774,-1.21,-9.95,0.85,-0.07,0.01,0.03,19.94,10.0592793
707876,-1.38,-9.9,1.11,-0.08,-0.04,0.03,19.94,10.05716163
707978,-1.07,-9.78,0.72,-0.07,-0.01,0.03,19.94,9.86466928
708080,-1.29,-9.64,0.98,-0.07,0,0.03,19.95,9.775177748
708182,-1.13,-9.57,0.78,-0.07,-0.04,0.03,19.95,9.667998759
708284,-1.1,-9.41,0.91,-0.07,0.01,0.03,19.94,9.517678288
708386,-1.28,-9.48,0.98,-0.07,-0.04,0.02,19.94,9.616090682
708488,-1.04,-9.6,0.6,-0.07,-0.02,0.01,19.94,9.674791987
708590,-1.31,-9.72,1.04,-0.07,0,0.01,19.94,9.862864695
708692,-1.21,-9.88,1.02,-0.08,-0.04,0,19.95,10.00594323
708794,-1.16,-9.84,0.79,-0.07,0.01,0.01,19.95,9.939582486
708896,-1.39,-9.92,1.04,-0.08,-0.03,0.01,19.94,10.07075469
708998,-1.13,-10.04,0.81,-0.07,-0.02,0.01,19.94,10.13580781
709098,-1.41,-10.01,1.12,-0.07,-0.01,0.02,19.94,10.17067353
709200,-1.24,-10.06,1.03,-0.08,-0.04,0.02,19.95,10.18833156
709302,-1.2,-9.84,0.86,-0.07,0.01,0.03,19.95,9.950135677
709404,-1.31,-9.73,0.9,-0.07,-0.03,0.03,19.94,9.85895532
709506,-1.03,-9.65,0.6,-0.07,-0.01,0.03,19.94,9.723343047
709608,-1.33,-9.63,1.06,-0.07,0,0.03,19.94,9.779028582
709710,-1.18,-9.79,0.96,-0.08,-0.04,0.02,19.95,9.907476974
709812,-1.11,-9.69,0.69,-0.07,0.01,0.01,19.94,9.777745139
709914,-1.39,-9.79,1.05,-0.07,-0.02,0.01,19.95,9.943776948
710016,-1.1,-9.91,0.88,-0.07,-0.02,0.01,19.95,10.00962037
710118,-1.35,-9.93,1.06,-0.07,0.01,0.02,19.95,10.07725161
710220,-1.26,-10.07,0.87,-0.08,-0.04,0.02,19.95,10.18574494
710322,-1.1,-9.87,0.68,-0.07,0.01,0.02,19.95,9.954360853
710424,-1.41,-9.72,1.15,-0.07,-0.02,0.03,19.93,9.888832085
710524,-1.05,-9.72,0.79,-0.07,-0.01,0.03,19.95,9.808414755
710626,-1.33,-9.61,1.17,-0.07,-0.01,0.03,19.94,9.771893368
710728,-1.22,-9.71,0.74,-0.07,-0.04,0.02,19.96,9.814280412
710830,-1.11,-9.69,0.65,-0.07,0.01,0.02,19.95,9.775003836
710932,-1.34,-9.77,1.17,-0.08,-0.03,0.01,19.95,9.930629386
711034,-1.15,-9.83,0.95,-0.08,-0.02,0.01,19.94,9.942529859
711136,-1.34,-9.9,1.13,-0.08,0,0.02,19.95,10.05397931
711238,-1.22,-10.03,0.79,-0.08,-0.04,0.01,19.95,10.13476196
711340,-1.24,-9.87,0.76,-0.07,0.01,0.02,19.94,9.976577569
711442,-1.33,-9.88,1.18,-0.07,-0.03,0.03,19.95,10.03871008
711544,-1.07,-9.73,0.76,-0.07,-0.02,0.02,19.94,9.818115909
711646,-1.32,-9.6,0.83,-0.06,0.01,0.03,19.94,9.725805879
711748,-1.12,-9.79,0.83,-0.07,-0.04,0.02,19.95,9.888751185
711848,-1.21,-9.66,0.83,-0.06,0.01,0.02,19.94,9.770803447
711950,-1.35,-9.77,1.08,-0.07,-0.03,0.02,19.95,9.921784114
712052,-1.03,-9.85,0.89,-0.07,-0.01,0.01,19.95,9.943616042
712154,-1.44,-9.78,1.08,-0.07,-0.01,0.01,19.94,9.944264679
712256,-1.2,-10.01,0.8,-0.07,-0.03,0.02,19.94,10.11336245
712358,-1.21,-9.98,1.01,-0.07,0.01,0.02,19.93,10.10369239
712460,-1.4,-9.89,1.03,-0.07,-0.04,0.03,19.94,10.04156362
712562,-1.02,-9.76,0.66,-0.07,0,0.03,19.94,9.835324092
712664,-1.33,-9.68,1.02,-0.06,-0.01,0.03,19.93,9.824036848
712766,-1.17,-9.76,0.79,-0.07,-0.04,0.02,19.93,9.861571883
712868,-1.17,-9.73,1.09,-0.07,0.01,0.02,19.93,9.860522299
712970,-1.35,-9.75,0.96,-0.08,-0.04,0.01,19.93,9.889721937
713072,-1.08,-9.85,0.65,-0.07,-0.01,0.01,19.93,9.930327286
713174,-1.4,-9.94,1.19,-0.07,-0.01,0.02,19.93,10.1083975
713274,-1.14,-9.9,0.8,-0.07,-0.03,0.02,19.93,9.997479682
713376,-1.24,-9.76,1.11,-0.07,0.01,0.03,19.93,9.900873699
713478,-1.3,-9.77,1.11,-0.07,-0.05,0.02,19.93,9.918417212
713580,-1.04,-9.68,0.58,-0.07,0,0.02,19.92,9.752968779
713682,-1.36,-9.73,1.08,-0.07,-0.01,0.02,19.93,9.883769524
713784,-1.07,-9.78,0.93,-0.08,-0.03,0.01,19.92,9.882216351
713886,-1.27,-9.74,1.2,-0.07,0.01,0.01,19.92,9.895478766
713988,-1.34,-9.87,0.97,-0.08,-0.04,0.01,19.94,10.00766706
714090,-1.08,-9.92,0.66,-0.07,-0.01,0.02,19.93,10.00041999
714192,-1.44,-9.92,1.18,-0.07,-0.01,0.03,19.94,10.09318582
714294,-1.14,-9.88,0.97,-0.08,-0.04,0.02,19.93,9.992742366
714396,-1.16,-9.61,0.82,-0.07,0.01,0.03,19.93,9.714427415
714498,-1.28,-9.62,0.87,-0.07,-0.04,0.03,19.93,9.743700529
714598,-1,-9.64,0.61,-0.07,-0.01,0.02,19.93,9.71090624
714700,-1.35,-9.69,1.03,-0.07,-0.02,0.02,19.93,9.837657241
714802,-1.08,-9.78,0.99,-0.07,-0.03,0.01,19.92,9.889130397
714904,-1.19,-9.77,0.94,-0.07,0.01,0.01,19.92,9.886991453
715006,-1.35,-9.88,0.96,-0.08,-0.03,0.01,19.92,10.01790896
715108,-1.09,-9.95,0.73,-0.07,0,0.01,19.92,10.0361098
715210,-1.44,-9.96,1.23,-0.07,-0.01,0.02,19.92,10.13844663
715312,-1.19,-9.91,0.8,-0.08,-0.04,0.02,19.93,10.01320129
715414,-1.18,-9.67,0.79,-0.07,0.02,0.03,19.93,9.773709634
715516,-1.28,-9.66,0.91,-0.07,-0.04,0.03,19.92,9.786832991
715618,-1.03,-9.71,0.86,-0.07,-0.01,0.02,19.92,9.802275246
715720,-1.36,-9.72,1.06,-0.07,-0.01,0.02,19.92,9.871757696
715822,-1.19,-9.85,0.74,-0.08,-0.04,0.01,19.92,9.949180871
715924,-1.19,-9.81,0.73,-0.07,0.01,0.01,19.92,9.908839488
716024,-1.36,-9.9,0.93,-0.08,-0.04,0.01,19.92,10.03615962
716126,-1.08,-9.94,0.79,-0.07,0,0.02,19.92,10.02966101
716228,-1.45,-9.95,1.25,-0.07,-0.02,0.02,19.92,10.13249722
716330,-1.13,-9.86,0.75,-0.08,-0.03,0.02,19.93,9.952838791
716432,-1.21,-9.65,0.85,-0.06,0.02,0.03,19.91,9.762637963
716534,-1.27,-9.66,0.92,-0.07,-0.04,0.03,19.92,9.786465143
716636,-1.05,-9.72,0.9,-0.07,0,0.02,19.91,9.817886738
716738,-1.36,-9.72,1.09,-0.07,-0.01,0.02,19.92,9.875024051
716840,-1.15,-9.82,0.74,-0.07,-0.04,0.01,19.92,9.914761722
716942,-1.22,-9.8,0.87,-0.07,0.01,0.01,19.9,9.91389429
717044,-1.38,-9.94,1.17,-0.08,-0.04,0.01,19.9,10.10331134
717146,-1.12,-10.01,0.83,-0.07,-0.01,0.02,19.91,10.1066018
717248,-1.37,-9.92,1.04,-0.07,-0.01,0.03,19.91,10.06801371
717348,-1.13,-9.91,0.73,-0.08,-0.03,0.02,19.91,10.00089496
717450,-1.21,-9.7,0.86,-0.07,0.01,0.03,19.91,9.812935341
717552,-1.3,-9.66,1,-0.07,-0.04,0.03,19.91,9.798244741
717654,-1.04,-9.65,0.85,-0.07,0,0.02,19.9,9.743028277
717756,-1.35,-9.67,1.12,-0.07,-0.01,0.02,19.9,9.827807487
717858,-1.1,-9.79,0.68,-0.08,-0.04,0.01,19.9,9.875044304
717960,-1.21,-9.81,1.02,-0.07,0.01,0.01,19.9,9.936830481
718062,-1.36,-9.9,1.12,-0.08,-0.04,0.01,19.9,10.05554573
718164,-1.13,-9.92,0.83,-0.07,0,0.01,19.89,10.01859272
718266,-1.41,-9.94,1.05,-0.07,-0.01,0.02,19.9,10.0942657
718368,-1.15,-10,0.86,-0.07,-0.03,0.02,19.9,10.10257888
718470,-1.26,-9.76,1.14,-0.07,0.02,0.03,19.9,9.906805742
718572,-1.3,-9.71,0.98,-0.07,-0.04,0.03,19.9,9.845531982
718674,-1.01,-9.61,0.64,-0.07,-0.01,0.02,19.91,9.684100371
718774,-1.37,-9.54,0.96,-0.07,-0.02,0.03,19.91,9.685561419
718876,-1.03,-9.65,0.63,-0.07,-0.02,0.02,19.91,9.725240357
718978,-1.23,-9.7,1.06,-0.07,0,0.01,19.91,9.834963142
719080,-1.34,-9.85,1.12,-0.08,-0.04,0.01,19.89,10.00362434
719182,-1.07,-9.86,0.77,-0.07,0,0.01,19.91,9.94773341
719284,-1.42,-9.87,0.98,-0.07,-0.01,0.01,19.91,10.01966566
719386,-1.14,-10,0.91,-0.08,-0.03,0.01,19.9,10.10582505
719488,-1.28,-9.97,1.18,-0.07,0.01,0.02,19.9,10.12085471
719590,-1.37,-9.99,1.01,-0.07,-0.04,0.02,19.9,10.13395777
719692,-1.05,-9.82,0.57,-0.07,0,0.03,19.89,9.892411233
719794,-1.34,-9.62,1.07,-0.07,-0.01,0.03,19.9,9.771637529
719896,-1.16,-9.61,0.95,-0.07,-0.04,0.02,19.91,9.726263414
719998,-1.14,-9.56,0.95,-0.07,0.01,0.03,19.9,9.674487067
720100,-1.28,-9.67,0.92,-0.07,-0.03,0.02,19.9,9.79763747
720202,-1.07,-9.77,0.71,-0.07,-0.01,0.01,19.9,9.854029633
720302,-1.37,-9.77,1.07,-0.07,-0.01,0.01,19.9,9.923441943
720404,-1.13,-9.88,0.94,-0.08,-0.03,0,19.9,9.988738659
720506,-1.28,-9.88,1.16,-0.07,0.01,0.01,19.89,10.02987537
720608,-1.37,-10,0.96,-0.08,-0.04,0.01,19.9,10.13895951
720710,-1.08,-10.01,0.65,-0.07,0,0.02,19.89,10.08905347
720812,-1.45,-9.96,1.15,-0.07,-0.01,0.03,19.9,10.13047876
720914,-1.15,-9.91,0.97,-0.08,-0.04,0.03,19.89,10.02354728
721016,-1.21,-9.67,1,-0.07,0.01,0.03,19.9,9.796581036
721118,-1.25,-9.57,0.76,-0.07,-0.03,0.03,19.89,9.681167285
721220,-0.98,-9.51,0.75,-0.07,0,0.02,19.89,9.589734094
721322,-1.38,-9.55,1.16,-0.07,-0.02,0.02,19.9,9.718667604
721424,-1.15,-9.76,0.83,-0.08,-0.03,0.01,19.9,9.862504753
721526,-1.18,-9.75,0.77,-0.07,0.01,0.01,19.9,9.85128418
721628,-1.35,-9.87,0.99,-0.07,-0.03,0.01,19.9,10.01096898
721728,-1.06,-9.92,0.68,-0.07,0,0.01,19.89,9.999619993
721830,-1.44,-9.96,1.11,-0.07,-0.02,0.01,19.9,10.12458888
721932,-1.16,-10.05,1.02,-0.08,-0.03,0.01,19.89,10.16801357
722034,-1.23,-10.02,0.98,-0.07,0.02,0.02,19.89,10.1426673
722136,-1.39,-10.02,0.94,-0.08,-0.04,0.02,19.89,10.15953247
722238,-1.09,-10,0.74,-0.07,0,0.03,19.89,10.08641165
722340,-1.43,-9.92,1.27,-0.07,-0.01,0.03,19.89,10.10268281
722442,-1.2,-9.8,0.78,-0.08,-0.04,0.03,19.89,9.903958804
722544,-1.14,-9.57,0.83,-0.07,0.02,0.03,19.91,9.673334482
722646,-1.25,-9.5,0.93,-0.07,-0.04,0.03,19.89,9.6269102
722748,-0.99,-9.46,0.76,-0.07,-0.01,0.02,19.9,9.541975686
722850,-1.29,-9.45,1.05,-0.07,0,0.02,19.91,9.595264457
722952,-1.16,-9.62,0.76,-0.08,-0.04,0.01,19.89,9.719444429
723054,-1.12,-9.63,0.68,-0.07,0.01,0.01,19.89,9.718729341
723154,-1.3,-9.74,0.98,-0.07,-0.04,0.01,19.9,9.875120252
723256,-1.06,-9.85,0.75,-0.07,-0.01,0,19.89,9.935220179
723358,-1.43,-9.95,1.26,-0.07,-0.01,0.01,19.9,10.13089335
723460,-1.24,-10.09,0.81,-0.08,-0.04,0.01,19.9,10.19812728
723562,-1.22,-10,0.69,-0.07,0.01,0.01,19.89,10.09774727
723664,-1.39,-10.08,1.02,-0.07,-0.03,0.02,19.88,10.22638255
723766,-1.14,-10.12,0.9,-0.07,-0.01,0.02,19.89,10.22369796
723868,-1.4,-9.97,1.05,-0.07,0,0.03,19.89,10.12242066
723970,-1.25,-10.03,0.81,-0.08,-0.04,0.03,19.9,10.13999507
724072,-1.17,-9.83,0.72,-0.07,0.01,0.03,19.89,9.925532731
724174,-1.4,-9.74,1.15,-0.08,-0.03,0.04,19.89,9.907073231
724276,-1.05,-9.73,0.88,-0.07,-0.01,0.03,19.88,9.825975779
724378,-1.27,-9.51,0.89,-0.07,0,0.03,19.88,9.635616223
724480,-1.13,-9.56,0.79,-0.07,-0.03,0.03,19.89,9.658912982
724582,-1.02,-9.41,0.76,-0.07,0,0.02,19.88,9.495583184
724682,-1.24,-9.39,0.91,-0.07,-0.03,0.02,19.89,9.515135312
724784,-0.99,-9.46,0.85,-0.07,-0.01,0.01,19.89,9.549565435
724886,-1.32,-9.49,1.14,-0.07,0,0.01,19.89,9.648942947
724988,-1.17,-9.68,0.74,-0.07,-0.04,0.01,19.89,9.778491704
725090,-1.16,-9.72,0.74,-0.07,0.01,0.01,19.88,9.816903789
725192,-1.39,-9.94,1.17,-0.07,-0.03,0,19.89,10.10468208
725294,-1.13,-10.04,0.89,-0.07,-0.01,0,19.88,10.14251448
725396,-1.39,-10.01,1.07,-0.07,0,0.01,19.89,10.16253413
725498,-1.24,-10.17,0.83,-0.08,-0.04,0.01,19.89,10.27888126
725600,-1.21,-10.04,0.86,-0.07,0.02,0.02,19.89,10.14915267
725702,-1.44,-10.04,1.21,-0.08,-0.04,0.02,19.89,10.21466103
725804,-1.14,-10.06,0.76,-0.08,-0.02,0.03,19.89,10.15287151
725906,-1.31,-9.93,0.86,-0.06,0.01,0.03,19.89,10.05289013
726008,-1.23,-9.91,0.92,-0.07,-0.04,0.03,19.89,10.02832987
726108,-1.15,-9.76,0.69,-0.07,0.02,0.03,19.88,9.851710511
726210,-1.34,-9.68,1.1,-0.07,-0.04,0.03,19.88,9.834022575
726312,-1.03,-9.6,0.82,-0.07,-0.02,0.03,19.88,9.68985552
726414,-1.24,-9.43,0.89,-0.07,0,0.03,19.88,9.552727359
726516,-1.16,-9.51,0.9,-0.07,-0.04,0.02,19.87,9.622665951
726618,-1.03,-9.49,0.75,-0.07,0,0.01,19.88,9.575150129
726720,-1.4,-9.63,1.27,-0.07,-0.03,0.01,19.88,9.813755652
726822,-1.07,-9.75,0.81,-0.07,-0.03,0,19.89,9.841925625
726924,-1.24,-9.85,0.93,-0.07,0.02,0.01,19.87,9.971208553
727026,-1.35,-10.03,0.97,-0.07,-0.05,0,19.88,10.1668235
727128,-1.12,-10.01,0.88,-0.07,0,0.01,19.88,10.11083083
727230,-1.43,-10.03,1.15,-0.07,-0.01,0.02,19.88,10.19648469
727332,-1.21,-10.11,0.69,-0.08,-0.03,0.02,19.87,10.20550342
727434,-1.24,-9.99,0.84,-0.07,0.02,0.03,19.87,10.10164838
727536,-1.36,-9.99,1.07,-0.07,-0.03,0.03,19.87,10.13876718
727636,-1.09,-9.96,0.8,-0.07,0,0.03,19.87,10.05135314
727738,-1.43,-9.86,1.27,-0.07,-0.02,0.03,19.87,10.04377419
727840,-1.15,-9.74,0.72,-0.08,-0.04,0.03,19.88,9.834047997
727942,-1.15,-9.53,0.8,-0.07,0.02,0.03,19.89,9.632414028
728044,-1.25,-9.48,0.96,-0.07,-0.04,0.02,19.88,9.610124869
728146,-0.98,-9.48,0.83,-0.07,-0.01,0.02,19.88,9.566592915
728248,-1.3,-9.51,1.07,-0.07,-0.01,0.02,19.89,9.657898322
728350,-1.17,-9.7,0.74,-0.07,-0.04,0.01,19.88,9.798290667
728452,-1.16,-9.73,0.68,-0.07,0.01,0.01,19.89,9.82246914
728554,-1.32,-9.91,1.09,-0.07,-0.03,0.01,19.89,10.05676886
728656,-1.12,-10.05,0.88,-0.08,-0.01,0,19.88,10.15043349
728758,-1.4,-10.02,1.02,-0.07,0.01,0.01,19.88,10.16861839
728860,-1.25,-10.14,0.79,-0.07,-0.04,0.01,19.88,10.24725329
728962,-1.19,-10.03,0.92,-0.07,0.01,0.02,19.88,10.14215953
729062,-1.37,-10.05,0.96,-0.08,-0.04,0.02,19.89,10.18827758
729164,-1.13,-10.06,0.95,-0.07,-0.01,0.02,19.88,10.16774311
729266,-1.43,-9.96,1.17,-0.07,-0.01,0.03,19.88,10.12992596
729368,-1.21,-9.98,0.79,-0.08,-0.03,0.03,19.87,10.08407656
729470,-1.18,-9.82,0.81,-0.06,0.01,0.04,19.88,9.92375433
729572,-1.31,-9.67,1.14,-0.07,-0.03,0.03,19.89,9.824693379
729674,-1.02,-9.55,0.74,-0.07,-0.01,0.03,19.88,9.632782568
729776,-1.28,-9.45,1.06,-0.07,-0.01,0.03,19.87,9.595024752
729878,-1.07,-9.54,0.69,-0.07,-0.04,0.02,19.88,9.624583108
729980,-1.17,-9.59,0.92,-0.07,0.01,0.02,19.88,9.704813239
730082,-1.31,-9.78,1.12,-0.08,-0.04,0.01,19.88,9.93070491
730184,-1.07,-9.81,0.73,-0.07,0,0,19.88,9.895145274
730286,-1.39,-9.89,1.07,-0.07,-0.01,0.01,19.88,10.04435662
730388,-1.12,-9.99,0.87,-0.07,-0.03,0.01,19.87,10.09016353
730488,-1.36,-9.94,0.94,-0.07,0,0.01,19.87,10.07654703
730590,-1.3,-10.07,1.1,-0.08,-0.04,0.01,19.88,10.21297704
730692,-1.22,-9.98,0.95,-0.07,0.01,0.02,19.87,10.09907421
730794,-1.4,-10.01,1.01,-0.08,-0.04,0.03,19.87,10.1577655
730896,-1.08,-9.95,0.64,-0.07,-0.01,0.03,19.88,10.02888329
730998,-1.38,-9.78,1.13,-0.07,-0.01,0.03,19.88,9.941312791
731100,-1.13,-9.68,0.96,-0.08,-0.04,0.03,19.87,9.79290049
731202,-1.19,-9.49,1.03,-0.07,0.01,0.03,19.88,9.619620575
731304,-1.24,-9.56,0.85,-0.07,-0.03,0.02,19.88,9.677484177
731406,-1.01,-9.63,0.77,-0.07,0,0.01,19.88,9.713387669
731508,-1.42,-9.7,1.26,-0.07,-0.02,0.01,19.87,9.884027519
731610,-1.1,-9.81,0.85,-0.08,-0.03,0.01,19.88,9.908006863
731712,-1.27,-9.84,0.92,-0.07,0.01,0.01,19.87,9.964180849
731812,-1.26,-9.95,0.8,-0.08,-0.04,0.01,19.87,10.06131701
731914,-1.19,-9.94,0.76,-0.07,0.01,0.01,19.88,10.03978585
732016,-1.39,-10.03,1.11,-0.08,-0.04,0.02,19.88,10.1865156
732118,-1.12,-10.05,0.91,-0.07,-0.01,0.02,19.87,10.15307835
732220,-1.37,-9.91,1.03,-0.07,0,0.03,19.87,10.0571318
732322,-1.17,-9.86,0.7,-0.07,-0.03,0.03,19.87,9.953818363
732424,-1.16,-9.66,0.94,-0.07,0.02,0.03,19.87,9.774702041
732526,-1.29,-9.57,1.08,-0.08,-0.04,0.03,19.87,9.716758719
732628,-1.01,-9.52,0.71,-0.07,0,0.02,19.86,9.599718746
732730,-1.31,-9.58,1.05,-0.07,-0.01,0.02,19.88,9.725996093
732832,-1.06,-9.71,0.8,-0.07,-0.03,0.01,19.87,9.800392849
732934,-1.27,-9.76,1.13,-0.07,0.01,0.01,19.87,9.906936964
733036,-1.36,-9.93,0.99,-0.08,-0.04,0.01,19.88,10.07147457
733138,-1.11,-9.94,0.64,-0.07,-0.01,0.01,19.87,10.02224027
733238,-1.43,-9.95,0.99,-0.07,-0.02,0.01,19.87,10.1008663
733340,-1.13,-10.02,0.64,-0.07,-0.02,0.01,19.86,10.10380621
733442,-1.37,-10.01,0.99,-0.07,0.01,0.02,19.85,10.15170429
733544,-1.29,-10.11,1.14,-0.08,-0.04,0.02,19.86,10.25552534
733646,-1.14,-9.93,0.79,-0.07,0,0.03,19.85,10.02639516
733748,-1.42,-9.82,0.99,-0.07,-0.02,0.03,19.87,9.971404114
733850,-1.06,-9.72,0.73,-0.07,-0.02,0.03,19.86,9.804840641
733952,-1.23,-9.54,1.02,-0.07,0.01,0.03,19.87,9.67289512
734054,-1.22,-9.58,0.92,-0.08,-0.05,0.02,19.87,9.701092722
734156,-1.03,-9.49,0.58,-0.07,0,0.02,19.86,9.563336238
734258,-1.34,-9.58,1.07,-0.07,-0.02,0.02,19.88,9.732260786
734360,-1.09,-9.76,0.93,-0.07,-0.03,0.01,19.87,9.864613525
734462,-1.28,-9.81,1.05,-0.07,0.01,0.01,19.87,9.94871851
734562,-1.22,-9.95,0.97,-0.08,-0.05,0,19.87,10.07133556
734664,-1.17,-9.89,0.74,-0.07,0.01,0.01,19.87,9.98642078
734766,-1.4,-9.98,0.97,-0.07,-0.03,0.01,19.87,10.12429257
734868,-1.13,-10.07,0.8,-0.07,-0.02,0.01,19.87,10.16473315
734970,-1.37,-9.99,1.07,-0.07,0.01,0.03,19.87,10.14011341
735072,-1.26,-10.09,0.95,-0.08,-0.04,0.03,19.86,10.21264902
735174,-1.13,-9.83,0.68,-0.07,0.01,0.03,19.87,9.91807441
735276,-1.39,-9.68,1.15,-0.07,-0.02,0.03,19.87,9.846674566
735378,-1.03,-9.63,0.89,-0.07,-0.03,0.03,19.86,9.725733905
735480,-1.24,-9.45,0.9,-0.07,0,0.03,19.86,9.573405873
735582,-1.17,-9.53,0.8,-0.07,-0.04,0.02,19.87,9.634822261
735684,-1.03,-9.5,0.73,-0.07,0.01,0.01,19.86,9.5835171
735786,-1.37,-9.61,1.19,-0.07,-0.03,0.01,19.87,9.779831287
735886,-1.04,-9.69,0.87,-0.07,-0.02,0.01,19.87,9.784405961
735988,-1.35,-9.75,1.06,-0.07,0,0.01,19.87,9.899929293
736090,-1.21,-9.94,0.77,-0.08,-0.04,0,19.87,10.04293782
736192,-1.21,-9.94,0.75,-0.07,0.01,0.01,19.88,10.0414242
736294,-1.41,-10.06,1.18,-0.08,-0.03,0.01,19.88,10.22663679
736396,-1.14,-10.09,0.85,-0.08,-0.01,0.01,19.88,10.1897105
736498,-1.4,-10.05,1.1,-0.07,0,0.02,19.87,10.20649303
736600,-1.24,-10.13,0.8,-0.07,-0.04,0.02,19.86,10.23691848
736702,-1.21,-9.97,0.9,-0.07,0.01,0.03,19.87,10.0834022
736804,-1.42,-9.93,1.12,-0.08,-0.04,0.03,19.87,10.0933493
736906,-1.09,-9.87,0.72,-0.07,-0.02,0.03,19.87,9.956073523
737008,-1.25,-9.62,0.85,-0.06,0.01,0.04,19.87,9.738038817
737110,-1.2,-9.58,0.96,-0.07,-0.04,0.03,19.86,9.702473911
737212,-1.02,-9.43,0.86,-0.07,0.01,0.03,19.87,9.523912011
737312,-1.32,-9.43,1.06,-0.07,-0.04,0.03,19.86,9.580756755
737414,-1.02,-9.52,0.79,-0.07,-0.02,0.02,19.86,9.607023472
737516,-1.27,-9.55,0.86,-0.07,0,0.02,19.86,9.672383367
737618,-1.21,-9.8,0.94,-0.07,-0.04,0.01,19.87,9.919057415
737720,-1.1,-9.78,0.96,-0.07,0.01,0,19.87,9.888377015
737822,-1.45,-9.85,1.13,-0.08,-0.03,0.01,19.87,10.02007485
737924,-1.13,-9.98,0.69,-0.08,-0.02,0,19.86,10.06744257
738026,-1.33,-10.01,0.91,-0.07,0.01,0.01,19.86,10.13889047
738128,-1.32,-10.13,1.15,-0.08,-0.05,0.02,19.85,10.28016537
738230,-1.13,-9.97,0.91,-0.07,0.01,0.02,19.86,10.07501365
738332,-1.41,-9.81,1.03,-0.07,-0.02,0.03,19.86,9.964190885
738434,-1.03,-9.65,0.64,-0.07,-0.02,0.03,19.86,9.725893275
738536,-1.27,-9.57,1,-0.06,0.01,0.03,19.86,9.70555511
738638,-1.2,-9.71,1.05,-0.08,-0.05,0.02,19.86,9.840050813
738740,-1.05,-9.66,0.67,-0.07,0.01,0.01,19.87,9.739969199
738840,-1.36,-9.72,1.01,-0.07,-0.03,0.02,19.87,9.866514075
738942,-1.06,-9.84,0.63,-0.07,-0.02,0.01,19.85,9.91696022
739044,-1.36,-9.84,1.09,-0.07,0,0.01,19.85,9.993162663
739146,-1.24,-9.97,1.07,-0.08,-0.04,0.01,19.86,10.10363301
739248,-1.19,-9.92,0.86,-0.07,0.01,0.02,19.84,10.02806562
739350,-1.41,-9.91,0.97,-0.07,-0.03,0.03,19.85,10.05669429
739452,-1.08,-9.85,0.74,-0.07,-0.02,0.03,19.85,9.936624175
739554,-1.3,-9.67,1.04,-0.07,0.01,0.03,19.85,9.812262736
739656,-1.18,-9.73,0.92,-0.08,-0.04,0.02,19.87,9.844374028
739758,-1.09,-9.63,0.64,-0.06,0.01,0.02,19.85,9.712600064
739860,-1.35,-9.72,1.07,-0.07,-0.03,0.02,19.85,9.871463924
739962,-1.08,-9.81,0.91,-0.08,-0.03,0.01,19.84,9.911135152
740062,-1.41,-9.79,1.19,-0.07,0,0.01,19.85,9.962344102
740164,-1.19,-9.93,0.94,-0.08,-0.04,0.01,19.86,10.04512817
740266,-1.21,-9.88,0.75,-0.07,0.02,0.01,19.86,9.982033861
740368,-1.39,-9.95,1.07,-0.07,-0.03,0.02,19.87,10.10344001
740470,-1.05,-9.91,0.87,-0.07,-0.01,0.02,19.86,10.00337443
740572,-1.41,-9.67,1.21,-0.07,-0.01,0.03,19.86,9.846882755
740674,-1.16,-9.74,0.73,-0.07,-0.04,0.03,19.86,9.835959536
740776,-1.14,-9.67,0.75,-0.07,0.01,0.02,19.85,9.765807698
740878,-1.34,-9.75,1.05,-0.07,-0.04,0.02,19.86,9.897504736
740980,-1.04,-9.81,0.81,-0.07,-0.01,0.01,19.86,9.898171548
741082,-1.35,-9.81,1,-0.07,-0.01,0.01,19.85,9.952818696
741184,-1.22,-9.98,0.75,-0.07,-0.03,0.01,19.86,10.08222694
741286,-1.2,-9.96,0.98,-0.07,0.01,0.02,19.86,10.07978174
741388,-1.41,-9.93,1.06,-0.08,-0.03,0.02,19.86,10.08546479
741490,-1.08,-9.85,0.65,-0.07,-0.01,0.03,19.86,9.930327286
741590,-1.38,-9.77,1.05,-0.07,-0.02,0.03,19.86,9.922691167
741692,-1.09,-9.66,0.68,-0.07,-0.04,0.02,19.87,9.745055156
741794,-1.19,-9.61,1.02,-0.07,0.02,0.03,19.87,9.736970782
741896,-1.3,-9.73,1.14,-0.07,-0.05,0.02,19.86,9.882433911
741998,-1.04,-9.73,0.65,-0.07,0,0.01,19.87,9.806987305
742100,-1.37,-9.77,1.07,-0.07,-0.01,0.01,19.86,9.923441943
742202,-1.1,-9.9,0.9,-0.08,-0.03,0.01,19.86,10.00149989
742304,-1.28,-9.89,1.23,-0.07,0.01,0.01,19.86,10.04805454
742406,-1.36,-9.99,0.91,-0.08,-0.04,0.02,19.85,10.12313193
742508,-1.09,-9.97,0.61,-0.07,0,0.02,19.86,10.04794009
742610,-1.41,-9.91,1.17,-0.07,-0.01,0.03,19.85,10.07795118
742712,-1.09,-9.83,0.95,-0.07,-0.03,0.03,19.86,9.935768717
742812,-1.31,-9.75,1.09,-0.07,0.01,0.03,19.86,9.89781289
742914,-1.17,-9.7,0.91,-0.07,-0.05,0.03,19.87,9.812593949
743016,-1.07,-9.45,0.61,-0.07,0.01,0.02,19.85,9.529926547
743118,-1.29,-9.56,0.98,-0.07,-0.03,0.02,19.85,9.696293106
743220,-1.03,-9.65,0.9,-0.07,-0.02,0.01,19.85,9.746455766
743322,-1.33,-9.71,0.99,-0.07,0,0.01,19.85,9.850538056
743424,-1.16,-9.91,0.72,-0.08,-0.04,0,19.86,10.00360435
743526,-1.22,-9.87,0.86,-0.07,0.01,0.01,19.85,9.98222921
743628,-1.4,-9.98,1.13,-0.08,-0.03,0.01,19.85,10.14087274
743730,-1.11,-10,0.8,-0.07,0,0.01,19.85,10.09317096
743832,-1.44,-9.98,1.04,-0.07,-0.01,0.02,19.84,10.13684369
743934,-1.15,-10.01,0.66,-0.07,-0.02,0.02,19.85,10.09743532
744036,-1.34,-9.92,1.04,-0.07,0,0.03,19.84,10.06397536
744138,-1.21,-9.81,0.89,-0.08,-0.04,0.03,19.85,9.924328693
744238,-1.23,-9.67,1.04,-0.07,0.02,0.03,19.85,9.80323416
744340,-1.25,-9.64,0.93,-0.07,-0.04,0.03,19.86,9.765090885
744442,-1.03,-9.52,0.61,-0.07,0.01,0.02,19.84,9.594967431
744544,-1.34,-9.64,1.05,-0.07,-0.03,0.02,19.85,9.789162375
744646,-1.06,-9.78,0.84,-0.07,-0.02,0.01,19.84,9.873074496
744748,-1.31,-9.76,0.92,-0.07,0.01,0.01,19.84,9.890404441
744850,-1.19,-9.92,0.79,-0.08,-0.03,0.01,19.84,10.02230512
744952,-1.24,-9.91,0.97,-0.07,0.01,0.01,19.84,10.03427127
745054,-1.38,-10.01,1.1,-0.08,-0.04,0.02,19.84,10.16437406
745156,-1.11,-9.97,0.69,-0.07,0,0.02,19.84,10.05530208
745258,-1.41,-9.9,1.03,-0.07,-0.01,0.03,19.84,10.05281055
745360,-1.08,-9.84,0.72,-0.07,-0.02,0.03,19.84,9.925240551
745462,-1.25,-9.64,1.07,-0.07,0.01,0.03,19.83,9.779417161
745562,-1.16,-9.68,0.92,-0.08,-0.04,0.03,19.83,9.792568611
745664,-1.11,-9.47,0.78,-0.07,0.01,0.03,19.84,9.566681765
745766,-1.26,-9.52,0.87,-0.07,-0.04,0.02,19.83,9.642349299
745868,-1.02,-9.58,0.66,-0.07,0,0.01,19.83,9.656728224
745970,-1.4,-9.72,1.26,-0.07,-0.01,0.01,19.84,9.900808048
746072,-1.16,-9.88,0.93,-0.08,-0.04,0,19.83,9.991241164
746174,-1.24,-9.86,0.94,-0.07,0.01,0.01,19.84,9.982023843
746276,-1.34,-10.02,0.93,-0.08,-0.04,0.01,19.83,10.15189145
746378,-1.12,-10.02,0.89,-0.07,0,0.01,19.84,10.1216056
746480,-1.46,-10,1.17,-0.07,-0.01,0.02,19.84,10.17351955
746582,-1.13,-10.03,0.76,-0.08,-0.03,0.02,19.84,10.12202549
746684,-1.28,-9.95,0.87,-0.07,0.01,0.03,19.84,10.06964746
746786,-1.36,-9.93,1.13,-0.07,-0.04,0.03,19.83,10.08619849
746888,-1.05,-9.73,0.85,-0.07,0,0.03,19.83,9.823334464
746988,-1.4,-9.67,1.12,-0.07,-0.04,0.03,19.84,9.834800456
747090,-1.04,-9.59,0.67,-0.07,-0.02,0.03,19.84,9.66946741
747192,-1.24,-9.45,0.83,-0.07,0,0.03,19.83,9.567078969
747294,-1.13,-9.54,0.82,-0.07,-0.04,0.02,19.83,9.641623307
747396,-1.11,-9.54,0.92,-0.07,0.01,0.01,19.84,9.648321097
747498,-1.34,-9.7,1.03,-0.07,-0.03,0.01,19.84,9.846141376
747600,-1.07,-9.84,0.63,-0.07,-0.02,0,19.84,9.918034079
747702,-1.38,-9.86,0.95,-0.07,0,0.01,19.84,10.00132491
747804,-1.26,-10.04,1.07,-0.08,-0.04,0.01,19.84,10.17517076
747906,-1.19,-9.98,0.84,-0.07,0.01,0.01,19.83,10.08573745
748008,-1.43,-9.97,1.03,-0.07,-0.03,0.02,19.84,10.12455925
748110,-1.14,-10.03,0.81,-0.07,-0.02,0.02,19.84,10.12702325
748212,-1.35,-9.96,1.09,-0.07,0.01,0.03,19.84,10.11000495
748314,-1.26,-9.96,0.94,-0.08,-0.04,0.03,19.83,10.08329311
748414,-1.15,-9.8,0.85,-0.07,0.02,0.03,19.83,9.903787154
748516,-1.31,-9.68,0.96,-0.07,-0.04,0.03,19.84,9.815299282
748618,-1,-9.57,0.51,-0.07,-0.01,0.03,19.84,9.635611034
748720,-1.29,-9.48,1.06,-0.07,0,0.03,19.83,9.625907749
748822,-1.15,-9.57,0.9,-0.08,-0.04,0.02,19.83,9.680774762
748924,-1.09,-9.52,0.7,-0.07,0.01,0.01,19.84,9.607731262
749026,-1.33,-9.69,0.96,-0.07,-0.03,0.01,19.84,9.827848188
749128,-1.08,-9.85,0.89,-0.07,-0.03,0,19.84,9.948919539
749230,-1.34,-9.88,1.04,-0.07,0.01,0.01,19.84,10.02454987
749332,-1.26,-10.09,0.92,-0.08,-0.04,0.01,19.84,10.20990206
749434,-1.12,-10,0.73,-0.07,0,0.01,19.84,10.08896922
749536,-1.5,-10.01,1.2,-0.07,-0.02,0.02,19.84,10.19264931
749638,-1.1,-10.05,0.93,-0.08,-0.02,0.02,19.84,10.15270407
749738,-1.37,-9.97,1.14,-0.07,0.01,0.03,19.83,10.12805016
749840,-1.29,-9.99,0.96,-0.08,-0.04,0.03,19.83,10.11858686
749942,-1.03,-9.79,0.69,-0.07,0.01,0.03,19.84,9.868186257
750044,-1.37,-9.57,1.05,-0.07,-0.02,0.03,19.84,9.72441772
750146,-1.03,-9.55,0.86,-0.07,-0.03,0.03,19.84,9.643806302
750248,-1.15,-9.52,1.01,-0.07,0.01,0.02,19.84,9.642250775
750350,-1.3,-9.63,0.85,-0.07,-0.03,0.02,19.83,9.754455392
750452,-1.02,-9.72,0.73,-0.07,0,0.01,19.84,9.800596921
750554,-1.4,-9.8,1.27,-0.07,-0.01,0.01,19.84,9.980626233
750656,-1.22,-9.92,0.87,-0.08,-0.05,0,19.84,10.03253208
750758,-1.16,-9.89,0.69,-0.07,0.01,0.01,19.83,9.981673206
750860,-1.41,-9.98,1.07,-0.08,-0.04,0.01,19.83,10.13574862
750962,-1.15,-10.06,0.9,-0.08,-0.01,0.02,19.84,10.16543654
751062,-1.43,-10.02,1.24,-0.07,-0.01,0.03,19.82,10.1972006
751164,-1.22,-10,0.92,-0.08,-0.04,0.02,19.83,10.11606643
751266,-1.19,-9.75,0.81,-0.07,0.01,0.03,19.84,9.855693786
751368,-1.32,-9.62,0.97,-0.07,-0.03,0.03,19.84,9.758468117
751470,-1.05,-9.62,0.87,-0.07,-0.02,0.02,19.84,9.716161794
751572,-1.32,-9.65,1.05,-0.08,0,0.01,19.84,9.796295218
751674,-1.23,-9.69,0.97,-0.08,-0.02,0.02,19.84,9.81579849
751776,-1.03,-9.65,0.83,-0.07,-0.01,0,19.84,9.74024127
751878,-1.4,-9.63,1.18,-0.08,-0.04,0.01,19.85,9.802514983
751980,-1.01,-9.8,0.87,-0.07,-0.03,0.01,19.84,9.890247722
752082,-1.27,-9.74,0.87,-0.07,0,0.01,19.84,9.860902596
752184,-1.21,-9.93,0.87,-0.07,-0.05,0.02,19.83,10.04121009
752286,-1.07,-9.81,0.68,-0.06,0,0.01,19.84,9.89158228
752388,-1.42,-9.8,1.19,-0.08,-0.01,0.02,19.83,9.973590126
752490,-1.05,-9.87,0.65,-0.08,-0.03,0.01,19.84,9.946954308
752590,-1.29,-9.72,1.02,-0.07,0.01,0.02,19.84,9.85813877
752692,-1.17,-9.87,0.88,-0.09,-0.04,0.02,19.84,9.977985769
752794,-1.04,-9.8,0.66,-0.06,0,0.02,19.84,9.877104839
752896,-1.44,-9.71,1.26,-0.07,-0.02,0.02,19.84,9.896731784
752998,-1.07,-9.78,0.9,-0.08,-0.03,0.02,19.84,9.879438243
753100,-1.2,-9.76,0.86,-0.07,0,0.02,19.83,9.871028315
753202,-1.29,-9.79,0.95,-0.07,-0.04,0.02,19.83,9.920216732
753304,-1.03,-9.79,0.82,-0.07,0,0.01,19.84,9.878127353
753406,-1.42,-9.83,1.18,-0.07,-0.02,0.02,19.84,10.00188482
753508,-1.07,-9.91,0.75,-0.07,-0.04,0.02,19.83,9.995774107
753610,-1.25,-9.81,0.88,-0.07,0.01,0.02,19.83,9.928393626
753712,-1.31,-9.87,1.11,-0.08,-0.04,0.03,19.84,10.01823837
753814,-1.01,-9.84,0.8,-0.07,-0.01,0.02,19.83,9.923996171
753914,-1.41,-9.71,1.12,-0.07,-0.03,0.03,19.84,9.875555681
754016,-1.04,-9.83,0.78,-0.07,-0.02,0.02,19.84,9.915588737
754118,-1.22,-9.78,0.8,-0.06,0,0.02,19.83,9.888215208
754220,-1.21,-9.81,0.89,-0.07,-0.03,0.02,19.84,9.924328693
754322,-1.03,-9.76,0.92,-0.07,0.01,0.02,19.84,9.857225776
754424,-1.37,-9.73,0.98,-0.07,-0.02,0.02,19.83,9.874725313
754526,-1.05,-9.78,0.64,-0.07,-0.02,0.02,19.83,9.857002587
754628,-1.24,-9.76,0.89,-0.07,0,0.01,19.84,9.878628447
754730,-1.26,-9.89,1.1,-0.08,-0.04,0.01,19.85,10.03043867
754832,-1.04,-9.84,0.79,-0.07,0,0.02,19.84,9.926293367
754934,-1.36,-9.8,1.02,-0.07,-0.03,0.02,19.84,9.946356117
755036,-1.06,-9.8,0.61,-0.07,-0.01,0.02,19.84,9.876016403
755138,-1.24,-9.79,0.99,-0.07,0.01,0.02,19.83,9.917751761
755240,-1.23,-9.8,1.01,-0.07,-0.04,0.02,19.84,9.928393626
755340,-1.14,-9.72,0.97,-0.07,0.01,0.03,19.84,9.834576758
755442,-1.25,-9.79,0.9,-0.07,-0.04,0.02,19.83,9.91042885
755544,-1.02,-9.79,0.55,-0.06,0,0.02,19.83,9.858346717
755646,-1.39,-9.79,1.17,-0.07,0,0.02,19.84,9.957163251
755748,-1.11,-9.85,0.97,-0.07,-0.03,0.02,19.84,9.95969377
755850,-1.17,-9.77,0.87,-0.06,0.01,0.02,19.84,9.878193155
755952,-1.28,-9.82,0.9,-0.08,-0.04,0.02,19.83,9.943882542
756054,-1.06,-9.79,0.8,-0.07,0,0.01,19.84,9.879660925
756156,-1.4,-9.84,1.2,-0.08,-0.02,0.02,19.83,10.01127365
756258,-1.07,-9.88,0.71,-0.08,-0.03,0.01,19.83,9.963101927
756360,-1.25,-9.84,0.75,-0.07,0,0.02,19.84,9.947391618
756462,-1.2,-9.88,0.95,-0.08,-0.03,0.02,19.84,9.997844768
756564,-1.04,-9.74,1.02,-0.07,0,0.02,19.84,9.848329808
756666,-1.35,-9.75,0.97,-0.07,-0.03,0.02,19.84,9.89069765
756766,-1.05,-9.77,0.74,-0.07,0,0.02,19.83,9.854085447
756868,-1.34,-9.73,1.09,-0.07,0,0.02,19.84,9.882135397
756970,-1.07,-9.82,0.89,-0.07,-0.03,0.02,19.84,9.918134905
757072,-1.23,-9.73,1.09,-0.07,0,0.02,19.85,9.867821441
757174,-1.3,-9.85,0.99,-0.08,-0.05,0.02,19.85,9.98461817
757276,-1.03,-9.77,0.55,-0.06,0,0.02,19.85,9.839527428
757378,-1.37,-9.75,0.96,-0.07,-0.02,0.02,19.85,9.892471885
757480,-1.06,-9.85,0.88,-0.08,-0.02,0.01,19.86,9.945878543
757582,-1.29,-9.82,0.98,-0.07,0.01,0.02,19.85,9.952733293
757684,-1.17,-9.87,0.79,-0.08,-0.03,0.02,19.84,9.970451344
757786,-1.13,-9.73,0.68,-0.07,0.02,0.02,19.85,9.818971433
757888,-1.41,-9.68,1.32,-0.08,-0.03,0.03,19.84,9.870810504
757990,-1.01,-9.85,0.93,-0.07,-0.03,0.02,19.84,9.945224985
758092,-1.39,-9.69,1.02,-0.07,-0.01,0.01,19.85,9.842184717
758192,-1.09,-9.75,0.9,-0.08,-0.02,0.02,19.85,9.85193382
758294,-1.16,-9.77,1.02,-0.07,-0.01,0.02,19.86,9.891354811
758396,-1.17,-9.88,0.83,-0.06,-0.05,0.02,19.85,9.983596546
758498,-1.18,-9.72,0.9,-0.08,0.02,0.01,19.85,9.832639524
758600,-1.25,-9.93,1.13,-0.07,-0.03,0.03,19.85,10.07195612
758702,-1.11,-9.76,0.55,-0.08,-0.03,0.01,19.84,9.838302699
758804,-1.24,-9.81,0.92,-0.08,0.02,0.03,19.85,9.930765328
758906,-1.24,-9.85,1.3,-0.09,-0.06,0.02,19.84,10.01249719
759008,-1.07,-9.7,0.85,-0.07,0.01,0.02,19.84,9.795784808
759110,-1.25,-9.77,0.99,-0.07,-0.03,0.03,19.84,9.89926765
759212,-1.04,-9.73,0.65,-0.06,-0.02,0.01,19.83,9.806987305
759314,-1.2,-9.78,1.05,-0.06,0.01,0.03,19.84,9.909132152
759416,-1.17,-9.86,0.98,-0.07,-0.05,0.01,19.84,9.977419506
759516,-1.13,-9.73,0.74,-0.06,0,0.02,19.84,9.823309015
759618,-1.25,-9.81,0.96,-0.07,-0.03,0.02,19.84,9.935803943
759720,-1.01,-9.84,0.54,-0.07,-0.01,0.01,19.85,9.906427207
759822,-1.31,-9.84,1.08,-0.07,0.01,0.02,19.84,9.985394334
759924,-1.15,-9.94,0.96,-0.08,-0.05,0.01,19.85,10.0522485
760026,-1.12,-9.8,0.71,-0.08,0.01,0.02,19.85,9.889312413
760128,-1.3,-9.85,1.01,-0.08,-0.04,0.02,19.84,9.98662105
