573435,-1.29,-9.66,1.04,-0.07,0,0.04,19.86,9.801086674
573537,-1.07,-9.6,0.73,-0.07,-0.02,0.03,19.86,9.686991277
573639,-1.22,-9.44,0.86,-0.07,0,0.03,19.87,9.557279948
573741,-1.06,-9.46,0.88,-0.07,-0.03,0.02,19.86,9.559790793
573843,-1.24,-9.48,1,-0.07,0,0.02,19.85,9.612907989
573945,-1.08,-9.63,0.84,-0.07,-0.04,0.01,19.86,9.726710646
574047,-1.27,-9.75,0.87,-0.07,0,0.01,19.86,9.870780111
574149,-1.17,-9.91,0.9,-0.07,-0.03,0,19.85,10.01933132
574251,-1.33,-9.93,1.03,-0.07,0,0.01,19.87,10.07147953
574353,-1.24,-10.07,0.79,-0.07,-0.03,0.01,19.86,10.17676766
574453,-1.36,-10.01,1.02,-0.07,0,0.01,19.85,10.1533295
574555,-1.22,-10.13,0.75,-0.08,-0.03,0.01,19.86,10.23072822
574657,-1.35,-10.07,0.97,-0.07,0,0.02,19.85,10.20628728
574759,-1.21,-10.07,0.96,-0.07,-0.03,0.02,19.87,10.18776717
574861,-1.32,-9.99,1.01,-0.07,0,0.03,19.85,10.12731949
574963,-1.2,-9.94,0.79,-0.07,-0.03,0.03,19.85,10.04329129
575065,-1.24,-9.71,0.91,-0.07,0.01,0.04,19.84,9.831063015
575167,-1.14,-9.65,0.86,-0.07,-0.04,0.03,19.85,9.755085853
575269,-1.18,-9.47,0.99,-0.07,0,0.03,19.84,9.59444631
575371,-1.15,-9.5,0.85,-0.08,-0.03,0.02,19.85,9.607028677
575473,-1.15,-9.54,0.95,-0.07,0.01,0.02,19.86,9.655910107
575575,-1.2,-9.72,0.95,-0.07,-0.04,0.01,19.85,9.839761176
575677,-1.17,-9.74,0.97,-0.07,0.01,0.01,19.86,9.857859808
575779,-1.24,-9.95,0.96,-0.08,-0.04,0,19.85,10.07281986
575879,-1.3,-9.85,0.96,-0.07,0,0.01,19.85,9.981688234
575981,-1.22,-10.04,0.8,-0.08,-0.04,0.01,19.86,10.14544233
576083,-1.28,-10.01,0.94,-0.07,0.01,0.02,19.87,10.13519117
576185,-1.25,-10.13,0.91,-0.08,-0.03,0.02,19.85,10.24731672
576287,-1.24,-9.99,1.01,-0.07,0.01,0.02,19.86,10.11720317
576389,-1.25,-10.02,0.9,-0.07,-0.03,0.03,19.85,10.13769698
576491,-1.2,-9.79,0.95,-0.07,0.01,0.03,19.86,9.908915178
576593,-1.17,-9.72,0.98,-0.07,-0.04,0.03,19.85,9.839090405
576695,-1.13,-9.48,0.86,-0.07,0.01,0.03,19.84,9.585765488
576797,-1.17,-9.59,0.9,-0.07,-0.04,0.02,19.85,9.702937699
576899,-1.14,-9.58,0.81,-0.07,0,0.02,19.85,9.681533969
577001,-1.25,-9.8,1.01,-0.07,-0.04,0.01,19.85,9.930891199
577101,-1.23,-9.71,0.98,-0.07,0.02,0.01,19.84,9.836533942
577203,-1.25,-9.93,1.02,-0.07,-0.04,0,19.86,10.06020875
577305,-1.19,-9.84,0.95,-0.07,0.01,0.01,19.85,9.957118057
577407,-1.27,-10.04,0.94,-0.08,-0.03,0.01,19.85,10.16356729
577509,-1.24,-9.99,0.96,-0.07,0.01,0.02,19.85,10.11233405
577611,-1.33,-10.07,1.04,-0.07,-0.05,0.02,19.85,10.21055336
577713,-1.19,-9.85,0.78,-0.07,0.01,0.03,19.84,9.95223593
577815,-1.27,-9.81,0.9,-0.07,-0.04,0.03,19.84,9.932723695
577917,-1.12,-9.57,0.76,-0.06,0.01,0.03,19.85,9.665241849
578019,-1.28,-9.65,1.06,-0.07,-0.04,0.02,19.85,9.792063113
578121,-1.11,-9.65,0.82,-0.07,0.01,0.02,19.85,9.748179317
578223,-1.29,-9.83,0.95,-0.07,-0.03,0.01,19.84,9.95969377
578323,-1.16,-9.69,0.78,-0.07,0.01,0.01,19.84,9.79030643
578425,-1.27,-9.92,0.99,-0.08,-0.04,0.01,19.84,10.04984577
578527,-1.18,-9.88,0.92,-0.07,0.01,0.01,19.85,9.992657304
578629,-1.37,-10.01,1.08,-0.08,-0.03,0.01,19.85,10.16087595
578731,-1.18,-9.95,0.85,-0.07,0.01,0.02,19.85,10.05571479
578833,-1.35,-9.99,0.98,-0.07,-0.04,0.03,19.84,10.12832661
578935,-1.09,-9.73,0.83,-0.07,0,0.03,19.84,9.825980867
579037,-1.28,-9.64,1.02,-0.07,-0.04,0.03,19.85,9.777954796
579139,-1.06,-9.55,0.72,-0.07,0,0.02,19.85,9.635585089
579241,-1.28,-9.64,1,-0.07,-0.03,0.02,19.85,9.775888706
579343,-1.07,-9.7,0.78,-0.07,0.01,0.01,19.84,9.789959142
579445,-1.33,-9.81,1.08,-0.07,-0.03,0.01,19.84,9.95848382
579547,-1.1,-9.83,0.72,-0.07,0,0.01,19.84,9.917524893
579647,-1.36,-9.91,1.04,-0.08,-0.03,0.01,19.84,10.05680367
579749,-1.13,-9.93,0.74,-0.07,0,0.01,19.84,10.021447
579851,-1.35,-10.01,1.1,-0.08,-0.03,0.02,19.84,10.16034448
579953,-1.15,-9.97,0.89,-0.07,0,0.02,19.85,10.07549006
580055,-1.37,-9.97,1.1,-0.07,-0.03,0.03,19.84,10.12362583
580157,-1.11,-9.82,0.73,-0.07,0,0.03,19.84,9.909460127
580259,-1.3,-9.65,1.01,-0.07,-0.02,0.03,19.84,9.789412648
580361,-1.03,-9.54,0.79,-0.07,-0.01,0.03,19.84,9.627907353
580463,-1.31,-9.49,1.03,-0.07,-0.03,0.03,19.84,9.635201088
580565,-1.03,-9.53,0.77,-0.07,-0.01,0.02,19.84,9.616376657
580667,-1.33,-9.67,0.99,-0.07,-0.03,0.01,19.84,9.811111048
580769,-1.07,-9.81,0.78,-0.07,-0.01,0.01,19.85,9.898959541
580871,-1.39,-9.88,1.07,-0.07,-0.02,0.01,19.85,10.03451045
580973,-1.14,-9.98,0.75,-0.07,-0.01,0,19.85,10.07285957
581073,-1.38,-9.97,1.11,-0.07,-0.03,0.01,19.84,10.12607525
581175,-1.14,-10.01,0.75,-0.07,0,0.01,19.84,10.10258383
581277,-1.42,-10.03,1.12,-0.07,-0.03,0.02,19.82,10.19174666
581379,-1.16,-10.02,0.91,-0.07,-0.01,0.02,19.82,10.12788724
581481,-1.41,-9.98,1.07,-0.07,-0.03,0.03,19.84,10.13574862
581583,-1.09,-9.88,0.69,-0.07,-0.01,0.03,19.83,9.963864712
581685,-1.37,-9.74,1.02,-0.07,-0.02,0.03,19.84,9.888624778
581787,-1.07,-9.61,0.77,-0.07,-0.01,0.03,19.83,9.699994845
581889,-1.29,-9.5,0.99,-0.07,-0.03,0.03,19.83,9.638163726
581991,-1.02,-9.47,0.64,-0.07,-0.01,0.02,19.84,9.546250573
582093,-1.31,-9.5,1,-0.07,-0.01,0.02,19.84,9.641892968
582195,-1.05,-9.67,0.8,-0.07,-0.01,0.01,19.84,9.759682372
582295,-1.36,-9.65,1.08,-0.07,-0.03,0.01,19.84,9.805024222
582397,-1.09,-9.8,0.85,-0.07,-0.01,0.01,19.84,9.896999545
582499,-1.37,-9.9,1.06,-0.07,-0.02,0.01,19.83,10.050398
582601,-1.14,-10,0.71,-0.07,-0.01,0,19.83,10.08978196
582703,-1.43,-10.03,1.1,-0.07,-0.02,0.01,19.83,10.19096659
582805,-1.16,-10.12,0.87,-0.07,-0.01,0.01,19.83,10.22335072
582907,-1.41,-10.06,1.1,-0.07,-0.01,0.02,19.84,10.21771501
583009,-1.14,-10.06,0.7,-0.07,-0.02,0.02,19.84,10.14855655
583111,-1.41,-9.98,1.12,-0.07,-0.01,0.03,19.84,10.14114885
583213,-1.12,-9.98,0.84,-0.07,-0.01,0.03,19.83,10.077718
583315,-1.38,-9.78,1.09,-0.07,-0.01,0.04,19.82,9.936845576
583417,-1.07,-9.72,0.64,-0.07,-0.02,0.03,19.82,9.799637748
583519,-1.3,-9.55,0.99,-0.07,-0.02,0.03,19.84,9.688787334
583619,-1.03,-9.49,0.65,-0.07,-0.01,0.03,19.83,9.567836746
583721,-1.27,-9.43,1.04,-0.07,-0.02,0.03,19.84,9.571802338
583823,-1.02,-9.41,0.81,-0.07,-0.01,0.02,19.84,9.499715785
583925,-1.31,-9.45,0.96,-0.07,-0.03,0.01,19.83,9.588545249
584027,-1.02,-9.59,0.65,-0.07,-0.01,0,19.84,9.665971239
584129,-1.34,-9.73,1.07,-0.07,-0.03,0,19.84,9.879949393
584231,-1.13,-9.89,0.82,-0.07,-0.01,0,19.82,9.988062875
584333,-1.38,-9.98,1.07,-0.07,-0.03,0.01,19.84,10.13161882
584435,-1.15,-10.07,0.74,-0.07,-0.01,0,19.84,10.16243081
584537,-1.38,-10.14,1.1,-0.07,-0.03,0.01,19.84,10.2924244
584639,-1.18,-10.12,0.86,-0.07,0,0.01,19.84,10.2247934
584741,-1.4,-10.11,1.13,-0.07,-0.02,0.02,19.83,10.26883635
584843,-1.16,-10.06,0.74,-0.07,0,0.03,19.84,10.15365944
584945,-1.34,-10.06,1.04,-0.07,-0.03,0.03,19.84,10.2019998
585045,-1.21,-9.97,0.82,-0.07,0.01,0.03,19.84,10.0765768
585147,-1.35,-10.02,1.08,-0.08,-0.03,0.03,19.84,10.16805291
585249,-1.16,-9.8,0.91,-0.07,0.01,0.04,19.84,9.910282539
585351,-1.33,-9.84,0.96,-0.07,-0.04,0.04,19.82,9.975775659
585453,-1.11,-9.68,0.83,-0.07,0.01,0.04,19.84,9.778721798
585555,-1.29,-9.66,1.06,-0.07,-0.04,0.03,19.84,9.80322906
585657,-1.06,-9.45,0.85,-0.07,0.01,0.03,19.84,9.547177593
585759,-1.22,-9.47,0.99,-0.07,-0.04,0.02,19.84,9.599447901
585861,-1.04,-9.32,0.74,-0.06,0,0.02,19.83,9.406997396
585963,-1.21,-9.43,1,-0.07,-0.04,0.01,19.83,9.559759411
586065,-1.03,-9.45,0.81,-0.07,0,0,19.84,9.540414037
586167,-1.3,-9.57,0.91,-0.07,-0.03,0,19.83,9.70067008
586269,-1.07,-9.71,0.71,-0.07,0,0,19.84,9.7945444
586369,-1.29,-9.76,0.98,-0.07,-0.04,0,19.84,9.893538295
586471,-1.12,-9.83,0.76,-0.07,0,0,19.83,9.922746596
586573,-1.4,-10.02,1.13,-0.07,-0.03,0.01,19.83,10.18024067
586675,-1.13,-10.08,0.77,-0.07,-0.01,0,19.83,10.1723252
586777,-1.44,-10.07,1.05,-0.07,-0.02,0.01,19.84,10.22648522
586879,-1.15,-10.14,0.74,-0.07,-0.01,0.01,19.83,10.23179847
586981,-1.44,-10.07,1.23,-0.07,-0.01,0.02,19.84,10.24653112
587083,-1.18,-10.09,0.84,-0.07,-0.02,0.03,19.83,10.19343416
587185,-1.37,-9.98,1.04,-0.07,-0.01,0.03,19.83,10.12713681
587287,-1.13,-9.86,0.84,-0.07,-0.02,0.03,19.83,9.9600251
587389,-1.29,-9.68,0.99,-0.07,0.01,0.04,19.84,9.815630392
587491,-1.08,-9.59,0.83,-0.07,-0.03,0.03,19.82,9.686247984
587593,-1.21,-9.44,0.86,-0.07,0,0.03,19.83,9.556008581
587693,-1.06,-9.51,0.75,-0.07,-0.03,0.02,19.83,9.598239422
587795,-1.21,-9.49,0.86,-0.06,0,0.02,19.83,9.605404729
587897,-1.17,-9.67,0.87,-0.07,-0.04,0.01,19.82,9.779299566
587999,-1.21,-9.71,1.06,-0.07,0.01,0.01,19.82,9.842347281
588101,-1.23,-9.9,0.91,-0.08,-0.04,0,19.82,10.01753463
588203,-1.23,-9.84,0.94,-0.07,0.01,0.01,19.82,9.961029063
588305,-1.32,-10.06,1.04,-0.07,-0.04,0.01,19.83,10.19939214
588407,-1.22,-9.99,0.92,-0.08,0.01,0.01,19.82,10.10618128
588509,-1.37,-10.08,1.02,-0.08,-0.04,0.02,19.84,10.22368329
588611,-1.15,-9.97,0.72,-0.07,0.01,0.03,19.83,10.06189843
588713,-1.33,-9.93,1.03,-0.07,-0.03,0.03,19.82,10.07147953
588815,-1.1,-9.7,0.79,-0.07,0.01,0.03,19.83,9.79408495
588917,-1.29,-9.6,1.01,-0.07,-0.03,0.03,19.83,9.738798694
589017,-1.04,-9.52,0.81,-0.07,0,0.03,19.84,9.61083243
589119,-1.27,-9.52,0.98,-0.07,-0.03,0.03,19.83,9.654206337
589221,-1.03,-9.62,0.71,-0.07,0,0.02,19.83,9.700999948
589323,-1.33,-9.69,1.08,-0.07,-0.03,0.01,19.83,9.840294711
589425,-1.08,-9.78,0.8,-0.07,0,0.01,19.82,9.871919773
589527,-1.36,-9.86,1.05,-0.07,-0.02,0.01,19.83,10.00858132
589629,-1.13,-9.94,0.75,-0.07,-0.01,0.01,19.83,10.03209848
589731,-1.44,-9.98,1.14,-0.07,-0.01,0.02,19.83,10.14759085
589833,-1.13,-10.04,0.88,-0.07,-0.01,0.02,19.83,10.14164188
589935,-1.41,-9.9,1.05,-0.07,-0.01,0.03,19.82,10.05487941
590037,-1.1,-9.77,0.66,-0.07,-0.02,0.03,19.82,9.853857113
590139,-1.31,-9.63,1.09,-0.07,-0.01,0.03,19.83,9.779626782
590241,-1.09,-9.61,0.8,-0.07,-0.02,0.02,19.83,9.704648371
590341,-1.33,-9.61,1.12,-0.07,-0.01,0.03,19.82,9.766032971
590443,-1.05,-9.71,0.82,-0.07,-0.02,0.01,19.83,9.80096934
590545,-1.36,-9.72,0.99,-0.07,-0.01,0.01,19.82,9.864486809
590647,-1.09,-9.84,0.74,-0.07,-0.02,0.01,19.81,9.92780439
590749,-1.39,-9.89,1.17,-0.07,-0.01,0.01,19.82,10.05550098
590851,-1.17,-10,0.85,-0.07,-0.02,0.01,19.82,10.1040289
590953,-1.38,-10,1.09,-0.07,0,0.02,19.82,10.15344769
591055,-1.16,-10,0.73,-0.07,-0.02,0.02,19.82,10.093488
591157,-1.38,-9.86,1.1,-0.07,-0.01,0.03,19.82,10.01668608
591259,-1.1,-9.73,0.8,-0.07,-0.03,0.03,19.82,9.824606862
591361,-1.29,-9.56,1,-0.07,-0.01,0.03,19.82,9.698334909
591463,-1.08,-9.63,0.74,-0.07,-0.03,0.02,19.83,9.718585288
591563,-1.3,-9.64,1.01,-0.07,-0.01,0.02,19.82,9.779555205
591665,-1.12,-9.71,0.78,-0.07,-0.01,0.01,19.81,9.805452565
591767,-1.35,-9.77,1.14,-0.07,-0.01,0.01,19.82,9.928494347
591869,-1.13,-9.87,0.8,-0.08,-0.02,0,19.81,9.966634337
591971,-1.38,-9.88,1.07,-0.07,0,0.01,19.81,10.03313012
592073,-1.16,-10.02,0.82,-0.07,-0.02,0.01,19.82,10.12019763
592175,-1.39,-9.96,1.13,-0.07,0,0.02,19.82,10.11981225
592277,-1.15,-9.92,0.8,-0.07,-0.02,0.03,19.82,10.01842802
592379,-1.3,-9.72,0.99,-0.07,-0.01,0.03,19.82,9.856393864
592481,-1.09,-9.63,0.71,-0.07,-0.03,0.03,19.81,9.717463661
592583,-1.31,-9.62,1.08,-0.07,0,0.03,19.82,9.768669305
592685,-1.1,-9.72,0.85,-0.07,-0.03,0.01,19.81,9.818905234
592785,-1.35,-9.69,1.11,-0.07,-0.01,0.02,19.81,9.846354655
592887,-1.09,-9.79,0.71,-0.07,-0.01,0.01,19.81,9.87604678
592989,-1.36,-9.82,1.08,-0.07,-0.02,0.01,19.82,9.972381862
593091,-1.12,-9.93,0.79,-0.07,-0.01,0.01,19.82,10.02414086
593193,-1.41,-9.99,1.2,-0.07,-0.01,0.02,19.82,10.16012795
593295,-1.14,-9.99,0.73,-0.07,-0.02,0.02,19.82,10.08129952
593397,-1.36,-9.78,1.04,-0.07,-0.01,0.03,19.81,9.928726001
593499,-1.07,-9.72,0.69,-0.07,-0.02,0.03,19.81,9.803030144
593601,-1.33,-9.64,1.15,-0.07,-0.01,0.03,19.82,9.799030564
593703,-1.11,-9.69,0.75,-0.07,-0.02,0.02,19.82,9.782162338
593805,-1.32,-9.73,1.03,-0.07,-0.01,0.02,19.82,9.873003596
593907,-1.1,-9.83,0.8,-0.07,-0.03,0.01,19.82,9.923653561
594009,-1.36,-9.84,1.1,-0.07,0,0.01,19.82,9.994258352
594109,-1.14,-9.95,0.88,-0.08,-0.02,0.01,19.82,10.05368092
594211,-1.41,-9.96,1.2,-0.07,-0.01,0.02,19.82,10.13063177
594313,-1.14,-9.98,0.72,-0.07,-0.02,0.02,19.81,10.07067029
594415,-1.37,-9.84,1.08,-0.07,-0.01,0.03,19.82,9.99344285
594517,-1.09,-9.68,0.8,-0.07,-0.02,0.02,19.81,9.773970534
594619,-1.31,-9.59,1.09,-0.07,0,0.03,19.82,9.74024127
594721,-1.09,-9.66,0.78,-0.07,-0.02,0.02,19.82,9.752543258
594823,-1.31,-9.69,1.03,-0.07,-0.01,0.02,19.82,9.832247963
594925,-1.12,-9.81,0.91,-0.07,-0.03,0.01,19.81,9.915573609
595027,-1.31,-9.83,0.99,-0.07,0,0.01,19.81,9.966197871
595129,-1.16,-9.96,0.85,-0.08,-0.03,0.01,19.81,10.06328475
595231,-1.33,-9.95,0.99,-0.07,0.01,0.02,19.82,10.08719485
595333,-1.2,-10.04,0.97,-0.07,-0.03,0.02,19.81,10.15787872
595433,-1.37,-9.98,1.07,-0.07,0,0.03,19.81,10.1302616
595535,-1.15,-9.96,0.91,-0.07,-0.03,0.03,19.81,10.06738298
595637,-1.29,-9.77,0.95,-0.07,0,0.03,19.81,9.900479786
595739,-1.09,-9.67,0.76,-0.07,-0.02,0.03,19.8,9.760870863
595841,-1.23,-9.52,0.9,-0.07,0,0.03,19.81,9.641229175
595943,-1.1,-9.58,0.9,-0.07,-0.03,0.02,19.81,9.684854155
596045,-1.26,-9.6,0.96,-0.07,0,0.02,19.82,9.729809865
596147,-1.13,-9.76,0.83,-0.07,-0.03,0.01,19.81,9.860192696
596249,-1.29,-9.82,0.93,-0.07,0,0.01,19.82,9.947934459
596351,-1.18,-9.95,0.95,-0.07,-0.03,0,19.81,10.06466095
596453,-1.34,-9.97,1.06,-0.07,0,0.01,19.82,10.11533984
596555,-1.18,-10.07,0.8,-0.08,-0.03,0.01,19.82,10.17041297
596657,-1.35,-10.02,0.95,-0.07,0.01,0.03,19.82,10.1550677
596759,-1.18,-10.01,0.91,-0.07,-0.03,0.02,19.81,10.12030632
596859,-1.39,-9.93,1.16,-0.07,-0.01,0.03,19.81,10.0936911
596961,-1.12,-9.81,0.8,-0.07,-0.02,0.03,19.82,9.906083989
597063,-1.3,-9.62,1.04,-0.07,-0.01,0.03,19.81,9.762991345
597165,-1.07,-9.56,0.68,-0.07,-0.02,0.02,19.81,9.643697424
597267,-1.32,-9.57,1.11,-0.07,-0.01,0.03,19.82,9.724165774
597369,-1.09,-9.71,0.86,-0.07,-0.02,0.01,19.81,9.80876139
597471,-1.36,-9.73,1.15,-0.07,-0.01,0.01,19.82,9.891663156
597573,-1.13,-9.86,0.7,-0.08,-0.03,0,19.82,9.949195947
597675,-1.37,-9.9,1.13,-0.07,-0.01,0.01,19.82,10.05802167
597777,-1.18,-10,0.86,-0.07,-0.02,0.01,19.81,10.1060378
597879,-1.39,-9.97,1.12,-0.07,0,0.02,19.81,10.12854382
597979,-1.15,-10.04,0.87,-0.07,-0.02,0.02,19.81,10.14302716
598081,-1.38,-9.9,1.07,-0.07,-0.01,0.03,19.81,10.05282547
598183,-1.07,-9.79,0.63,-0.07,-0.02,0.03,19.82,9.86842946
598285,-1.33,-9.61,1.06,-0.07,-0.01,0.03,19.82,9.759333994
598387,-1.06,-9.62,0.74,-0.07,-0.02,0.02,19.82,9.706472068
598489,-1.31,-9.6,1.08,-0.07,0,0.02,19.82,9.748974305
598591,-1.09,-9.71,0.71,-0.07,-0.02,0.01,19.81,9.796749461
598693,-1.36,-9.76,1.11,-0.07,-0.01,0.01,19.81,9.916617367
598795,-1.11,-9.88,0.85,-0.08,-0.02,0,19.81,9.97842673
598897,-1.38,-9.92,1.13,-0.07,-0.01,0.01,19.81,10.07907238
598999,-1.18,-10.02,0.75,-0.07,-0.02,0.01,19.82,10.11707962
599101,-1.41,-10.01,1.16,-0.07,-0.01,0.02,19.81,10.17515602
599203,-1.14,-9.92,0.85,-0.07,-0.02,0.02,19.82,10.0214021
599303,-1.39,-9.83,1.07,-0.07,-0.02,0.03,19.81,9.985284172
599405,-1.07,-9.7,0.7,-0.07,-0.01,0.03,19.82,9.783910261
599507,-1.33,-9.6,1.01,-0.07,-0.02,0.03,19.82,9.744177749
599609,-1.04,-9.69,0.68,-0.07,-0.01,0.02,19.82,9.769344912
599711,-1.34,-9.7,1.1,-0.07,-0.02,0.02,19.82,9.853709961
599813,-1.1,-9.81,0.79,-0.07,-0.01,0.01,19.82,9.903039937
599915,-1.37,-9.82,1.07,-0.07,-0.01,0.01,19.82,9.972672661
600017,-1.11,-9.96,0.71,-0.07,-0.01,0.01,19.83,10.04678058
600119,-1.4,-9.98,1.17,-0.07,-0.02,0.02,19.82,10.14540783
600221,-1.14,-9.97,0.79,-0.07,-0.01,0.02,19.83,10.06601212
600323,-1.38,-9.82,0.99,-0.07,-0.01,0.03,19.83,9.965786472
600423,-1.06,-9.76,0.65,-0.07,-0.01,0.03,19.82,9.838887132
600525,-1.35,-9.59,0.93,-0.07,-0.03,0.03,19.82,9.729105817
600627,-1.04,-9.6,0.76,-0.07,0,0.02,19.83,9.686031179
600729,-1.34,-9.65,1.12,-0.07,-0.03,0.02,19.83,9.806757874
600831,-1.08,-9.73,0.76,-0.07,-0.01,0.01,19.84,9.819210763
600933,-1.35,-9.78,0.98,-0.07,-0.03,0.01,19.82,9.921254961
601035,-1.09,-9.88,0.71,-0.07,-0.01,0,19.83,9.96526969
601137,-1.42,-9.93,1.13,-0.08,-0.02,0.01,19.83,10.09446383
601239,-1.13,-10.02,0.77,-0.07,0,0.02,19.83,10.11287298
601341,-1.41,-9.97,1.01,-0.07,-0.02,0.02,19.82,10.11973814
601443,-1.11,-9.86,0.73,-0.07,-0.01,0.03,19.83,9.949100462
601545,-1.36,-9.68,1.08,-0.07,-0.02,0.03,19.83,9.834551337
601645,-1.05,-9.63,0.75,-0.07,0,0.03,19.83,9.716064018
601747,-1.31,-9.56,1.03,-0.07,-0.03,0.03,19.82,9.70415375
601849,-1.05,-9.61,0.67,-0.07,0,0.02,19.83,9.690381829
601951,-1.3,-9.72,1.04,-0.07,-0.03,0.02,19.82,9.861541462
602053,-1.1,-9.76,0.85,-0.07,0,0.01,19.82,9.858503943
602155,-1.34,-9.89,1.09,-0.08,-0.03,0.01,19.83,10.03971115
602257,-1.13,-9.89,0.75,-0.07,0.01,0.01,19.82,9.982559792
602359,-1.36,-10.03,1.09,-0.07,-0.03,0.01,19.82,10.18030451
602461,-1.17,-9.95,0.92,-0.07,0.01,0.02,19.81,10.06070574
602563,-1.33,-9.97,1.02,-0.08,-0.03,0.03,19.83,10.10990603
602665,-1.12,-9.73,0.78,-0.07,0.01,0.03,19.83,9.825258266
602767,-1.29,-9.66,0.95,-0.07,-0.04,0.03,19.82,9.79194567
602869,-1.11,-9.57,0.88,-0.07,0.01,0.03,19.82,9.67426483
602971,-1.23,-9.74,1.07,-0.07,-0.04,0.01,19.82,9.875494924
603071,-1.2,-9.67,0.98,-0.07,0.01,0.02,19.83,9.793329362
603173,-1.18,-9.83,0.83,-0.07,-0.04,0.01,19.84,9.9353007
603275,-1.24,-9.75,0.84,-0.07,0,0.01,19.83,9.86436516
603377,-1.24,-9.97,0.93,-0.08,-0.04,0.01,19.82,10.08976709
603479,-1.23,-9.96,1.04,-0.07,0.01,0.01,19.82,10.08940533
603581,-1.28,-9.99,0.81,-0.07,-0.03,0.01,19.82,10.10418725
603683,-1.26,-9.85,0.85,-0.07,0.01,0.03,19.82,9.966574136
603785,-1.17,-9.8,0.91,-0.07,-0.04,0.02,19.82,9.911458016
603887,-1.24,-9.59,1,-0.07,0.01,0.03,19.82,9.72140422
603989,-1.19,-9.75,0.85,-0.07,-0.03,0.03,19.82,9.859061821
604091,-1.19,-9.69,0.9,-0.07,0.01,0.02,19.82,9.804192981
604193,-1.21,-9.77,0.92,-0.07,-0.03,0.01,19.83,9.887537611
604295,-1.2,-9.77,1.03,-0.07,0.01,0.02,19.82,9.897161209
604397,-1.24,-9.93,0.9,-0.08,-0.04,0.01,19.82,10.04751213
604497,-1.32,-9.91,1,-0.07,0,0.02,19.82,10.0474126
604599,-1.16,-9.96,0.83,-0.08,-0.03,0.02,19.82,10.06161518
604701,-1.29,-9.75,0.95,-0.07,0,0.03,19.83,9.880743899
604803,-1.14,-9.72,0.87,-0.07,-0.03,0.03,19.83,9.825217555
604905,-1.26,-9.68,0.91,-0.07,0,0.03,19.83,9.803983884
605007,-1.13,-9.73,0.79,-0.07,-0.02,0.02,19.83,9.827202043
605109,-1.28,-9.73,0.96,-0.07,0,0.02,19.82,9.860674419
605211,-1.14,-9.8,0.91,-0.07,-0.03,0.01,19.82,9.907961445
605313,-1.32,-9.85,0.99,-0.07,0,0.01,19.82,9.987241861
605415,-1.15,-9.96,0.77,-0.08,-0.02,0.01,19.82,10.0556949
605517,-1.38,-9.9,1.11,-0.07,0,0.02,19.82,10.05716163
605619,-1.13,-9.83,0.85,-0.07,-0.02,0.02,19.82,9.931178178
605719,-1.37,-9.7,1.07,-0.07,-0.02,0.03,19.82,9.854531952
605821,-1.06,-9.69,0.66,-0.07,-0.01,0.02,19.82,9.770122824
605923,-1.31,-9.69,0.95,-0.07,-0.02,0.02,19.82,9.824189534
606025,-1.1,-9.72,0.79,-0.07,0,0.02,19.83,9.813893213
606127,-1.36,-9.82,1,-0.07,-0.02,0.02,19.82,9.964035327
606229,-1.09,-9.82,0.78,-0.07,0,0.01,19.82,9.911049389
606331,-1.34,-9.87,1.03,-0.07,-0.03,0.01,19.82,10.01366067
606433,-1.17,-9.9,0.93,-0.07,0,0.01,19.82,10.01218258
606535,-1.33,-9.95,1.06,-0.07,-0.03,0.02,19.82,10.09430533
606637,-1.15,-9.74,0.79,-0.07,0,0.02,19.83,9.839420715
606739,-1.28,-9.73,0.89,-0.07,-0.03,0.03,19.83,9.854105743
606841,-1.1,-9.6,0.87,-0.07,0,0.02,19.83,9.701901875
606943,-1.29,-9.73,1.04,-0.07,-0.04,0.02,19.83,9.870086119
607043,-1.16,-9.67,0.95,-0.07,0.01,0.02,19.84,9.785550572
607145,-1.19,-9.84,0.87,-0.08,-0.04,0.01,19.84,9.949804018
607247,-1.21,-9.76,0.89,-0.07,0.01,0.01,19.84,9.874907595
607349,-1.22,-9.93,0.91,-0.08,-0.04,0.01,19.84,10.04596436
607451,-1.27,-9.92,1.06,-0.07,0.01,0.02,19.83,10.05698265
607553,-1.24,-10.03,0.84,-0.07,-0.03,0.02,19.83,10.14120801
607655,-1.28,-9.9,0.91,-0.07,0.01,0.03,19.82,10.02379669
607757,-1.17,-9.78,0.87,-0.07,-0.03,0.03,19.84,9.888083738
607859,-1.25,-9.64,0.98,-0.07,0,0.03,19.84,9.769979529
607961,-1.13,-9.68,0.81,-0.07,-0.03,0.02,19.84,9.779335356
608063,-1.27,-9.7,0.98,-0.07,0,0.02,19.84,9.83174959
608165,-1.13,-9.77,0.93,-0.07,-0.03,0.01,19.84,9.879002986
608267,-1.35,-9.77,1.08,-0.07,-0.01,0.01,19.83,9.921784114
608369,-1.15,-9.92,0.75,-0.08,-0.02,0.01,19.84,10.0145594
608469,-1.39,-9.88,1.06,-0.07,-0.02,0.02,19.83,10.03344906
608571,-1.14,-9.92,0.78,-0.07,0,0.02,19.84,10.01570766
608673,-1.33,-9.87,1.06,-0.07,-0.03,0.03,19.83,10.01545805
608775,-1.07,-9.69,0.74,-0.07,-0.01,0.02,19.83,9.776942262
608877,-1.3,-9.66,0.92,-0.07,-0.03,0.03,19.84,9.790403465
608979,-1.1,-9.65,0.77,-0.07,0.01,0.03,19.84,9.742966694
609081,-1.28,-9.8,1.07,-0.08,-0.04,0.01,19.84,9.940990896
609183,-1.19,-9.68,0.82,-0.07,0.01,0.01,19.84,9.787282565
609285,-1.24,-9.9,0.96,-0.08,-0.04,0.01,19.84,10.02343255
609387,-1.21,-9.9,0.9,-0.07,0.01,0.01,19.85,10.01419493
609489,-1.27,-10.01,1.08,-0.07,-0.03,0.02,19.83,10.14787663
609591,-1.21,-9.8,0.96,-0.07,0.01,0.02,19.84,9.920972735
609693,-1.18,-9.8,0.79,-0.07,-0.03,0.02,19.83,9.902348206
609793,-1.26,-9.7,0.88,-0.07,0,0.03,19.84,9.820997913
609895,-1.13,-9.72,0.84,-0.07,-0.03,0.02,19.84,9.821451013
609997,-1.29,-9.73,1.07,-0.07,0,0.02,19.84,9.873292257
610099,-1.15,-9.81,0.86,-0.07,-0.03,0.01,19.83,9.914544871
610201,-1.31,-9.81,0.97,-0.07,0,0.01,19.82,9.944500993
610303,-1.14,-9.94,0.79,-0.08,-0.02,0.01,19.82,10.03629912
610405,-1.37,-9.93,1.1,-0.07,0,0.02,19.83,10.08423522
610507,-1.13,-9.84,0.77,-0.07,-0.02,0.02,19.82,9.934555853
610609,-1.27,-9.69,0.96,-0.07,0,0.03,19.83,9.81990835
610711,-1.13,-9.69,0.76,-0.07,-0.02,0.02,19.82,9.785223554
610813,-1.3,-9.72,1.05,-0.07,0,0.02,19.82,9.862601077
610915,-1.11,-9.78,0.75,-0.07,-0.03,0.01,19.84,9.8713221
611017,-1.36,-9.74,1.01,-0.07,-0.01,0.01,19.82,9.886217679
611117,-1.08,-9.88,0.7,-0.07,-0.02,0.01,19.82,9.96347329
611219,-1.41,-9.9,1.08,-0.07,-0.02,0.01,19.83,10.05805647
611321,-1.17,-9.95,0.87,-0.07,-0.01,0.02,19.83,10.05625676
611423,-1.36,-9.83,1,-0.07,-0.01,0.03,19.83,9.973890916
611525,-1.08,-9.7,0.67,-0.07,-0.01,0.02,19.83,9.782908565
611627,-1.34,-9.68,1.02,-0.07,-0.02,0.03,19.83,9.825395666
611729,-1.06,-9.75,0.87,-0.07,-0.01,0.02,19.83,9.84596364
611831,-1.35,-9.73,0.99,-0.07,-0.03,0.02,19.82,9.872968145
611933,-1.08,-9.78,0.66,-0.07,0,0.01,19.83,9.861561742
612035,-1.31,-9.88,1.08,-0.07,-0.03,0.01,19.84,10.02481421
612137,-1.17,-9.91,0.86,-0.07,0,0.02,19.82,10.01581749
612239,-1.35,-9.97,0.99,-0.07,-0.03,0.02,19.82,10.10957467
612339,-1.18,-9.84,0.83,-0.07,0.01,0.02,19.83,9.94519482
612441,-1.23,-9.81,0.8,-0.07,-0.03,0.03,19.82,9.919122945
612543,-1.16,-9.62,0.93,-0.07,0.01,0.03,19.83,9.73421286
612645,-1.17,-9.67,0.88,-0.07,-0.04,0.02,19.83,9.780194272
612747,-1.25,-9.65,0.93,-0.07,0.01,0.02,19.83,9.774962916
612849,-1.12,-9.78,0.81,-0.07,-0.03,0.01,19.82,9.877190896
612951,-1.34,-9.79,1.1,-0.07,0,0.01,19.83,9.942318643
613053,-1.16,-9.91,0.86,-0.07,-0.03,0.01,19.82,10.01465426
613155,-1.35,-9.97,1.06,-0.08,-0.01,0.02,19.83,10.11666941
613257,-1.16,-9.99,0.7,-0.07,-0.01,0.01,19.83,10.08145327
613359,-1.36,-9.88,1.16,-0.07,-0.02,0.03,19.82,10.0403984
613461,-1.09,-9.69,0.83,-0.07,0,0.02,19.83,9.786373179
613563,-1.28,-9.62,0.98,-0.07,-0.03,0.03,19.83,9.754137584
613663,-1.15,-9.58,0.82,-0.07,0,0.03,19.82,9.68355823
613765,-1.14,-9.74,0.83,-0.07,-0.03,0.02,19.83,9.841549675
613867,-1.23,-9.69,0.96,-0.07,0.01,0.02,19.83,9.814815332
613969,-1.15,-9.79,0.9,-0.07,-0.03,0.01,19.83,9.898312988
614071,-1.27,-9.86,0.96,-0.07,0,0.01,19.84,9.987697432
614173,-1.18,-9.96,0.76,-0.08,-0.02,0.01,19.84,10.05840942
614275,-1.41,-9.99,1.14,-0.07,-0.01,0.02,19.83,10.15321624
614377,-1.13,-9.99,0.86,-0.07,-0.01,0.02,19.83,10.0904212
614479,-1.37,-9.81,0.96,-0.07,-0.02,0.03,19.83,9.951612935
614581,-1.08,-9.65,0.7,-0.07,0,0.03,19.84,9.735445547
614683,-1.27,-9.68,1.06,-0.07,-0.03,0.03,19.83,9.820330952
614785,-1.11,-9.62,0.83,-0.07,0,0.02,19.84,9.719331253
614887,-1.25,-9.8,0.99,-0.07,-0.04,0.02,19.84,9.928877076
614987,-1.21,-9.7,0.92,-0.07,0,0.01,19.83,9.818375629
615089,-1.16,-9.85,0.78,-0.08,-0.02,0.01,19.84,9.948693382
615191,-1.33,-9.86,1.09,-0.07,0,0.01,19.83,10.0088261
615293,-1.18,-9.98,0.91,-0.08,-0.02,0.01,19.83,10.09063427
615395,-1.39,-9.98,1.08,-0.07,-0.01,0.02,19.83,10.13404658
615497,-1.15,-9.97,0.74,-0.07,-0.01,0.02,19.83,10.06334934
615599,-1.36,-9.88,1.11,-0.07,-0.02,0.03,19.84,10.03474464
615701,-1.1,-9.7,0.84,-0.07,0,0.03,19.84,9.798244741
615803,-1.27,-9.6,0.91,-0.07,-0.03,0.03,19.83,9.72630454
615905,-1.09,-9.5,0.75,-0.07,0,0.02,19.84,9.591694324
616007,-1.18,-9.66,1.02,-0.07,-0.04,0.02,19.83,9.785111139
616109,-1.18,-9.68,0.94,-0.07,0.01,0.01,19.83,9.796856639
616211,-1.19,-9.87,0.84,-0.08,-0.03,0,19.83,9.976903327
616313,-1.3,-9.85,0.94,-0.07,0,0.01,19.84,9.979784567
616413,-1.16,-9.96,0.74,-0.08,-0.02,0.01,19.84,10.05459099
616515,-1.39,-9.98,1.17,-0.07,-0.02,0.01,19.83,10.14403273
616617,-1.17,-10.01,0.88,-0.08,-0.01,0.01,19.84,10.11649149
616719,-1.39,-10.01,1.05,-0.07,-0.03,0.03,19.84,10.16044782
616821,-1.16,-9.95,0.84,-0.07,0,0.03,19.84,10.05254694
616923,-1.33,-9.93,1.01,-0.07,-0.03,0.03,19.83,10.06945381
617025,-1.16,-9.68,0.84,-0.07,0.01,0.03,19.84,9.785376845
617127,-1.2,-9.62,0.84,-0.07,-0.04,0.03,19.84,9.730878686
617229,-1.12,-9.44,0.85,-0.06,0,0.03,19.84,9.544134324
617331,-1.12,-9.51,0.82,-0.07,-0.03,0.02,19.83,9.61077
617433,-1.25,-9.57,0.94,-0.07,0,0.02,19.84,9.696958286
617535,-1.14,-9.76,0.88,-0.07,-0.02,0,19.84,9.865677878
617637,-1.32,-9.82,1.01,-0.07,0,0.01,19.84,9.959663649
617739,-1.15,-9.95,0.85,-0.07,-0.02,0,19.84,10.05223856
617839,-1.38,-9.94,1.07,-0.07,-0.02,0.01,19.84,10.09221978
617941,-1.15,-9.98,0.86,-0.07,-0.01,0.01,19.84,10.08278235
618043,-1.37,-10.04,1.01,-0.08,-0.03,0.02,19.84,10.18325095
618145,-1.17,-10,0.81,-0.07,0.01,0.02,19.84,10.10074255
618247,-1.36,-10.07,1.07,-0.07,-0.04,0.03,19.84,10.21760246
618349,-1.2,-9.89,0.88,-0.07,0.01,0.03,19.85,10.00132491
618451,-1.22,-9.86,0.86,-0.07,-0.03,0.03,19.83,9.972341751
618553,-1.16,-9.6,0.87,-0.07,0.01,0.03,19.84,9.708887681
618655,-1.12,-9.54,0.81,-0.07,-0.03,0.03,19.83,9.639610988
618757,-1.23,-9.42,0.98,-0.07,0,0.03,19.83,9.550376956
618859,-1.08,-9.5,0.82,-0.07,-0.03,0.01,19.83,9.59629095
618961,-1.28,-9.55,1.02,-0.07,0,0.01,19.84,9.689236296
619063,-1.11,-9.73,0.83,-0.07,-0.02,0,19.84,9.828219574
619165,-1.37,-9.87,1.14,-0.07,-0.02,0.01,19.84,10.02962611
619265,-1.11,-9.82,0.87,-0.07,0,0,19.84,9.92075602
619367,-1.35,-10.02,0.97,-0.07,-0.03,0,19.83,10.15695821
619469,-1.19,-9.96,0.74,-0.07,0.01,0.01,19.84,10.05809624
619571,-1.32,-10.16,1.03,-0.08,-0.04,0.01,19.83,10.29703355
619673,-1.27,-10.04,1.08,-0.07,0.01,0.02,19.84,10.17747022
619775,-1.28,-10.08,0.86,-0.07,-0.03,0.02,19.85,10.19727415
619877,-1.31,-9.99,0.9,-0.07,0.01,0.03,19.84,10.11564135
619979,-1.17,-9.94,0.94,-0.07,-0.03,0.03,19.84,10.05266631
620081,-1.38,-9.81,1.11,-0.07,0,0.04,19.84,9.968580641
620183,-1.07,-9.71,0.7,-0.07,-0.02,0.03,19.84,9.793824585
620285,-1.29,-9.49,0.96,-0.07,-0.02,0.03,19.84,9.625268827
620387,-1.05,-9.44,0.67,-0.07,-0.01,0.02,19.84,9.521817053
620489,-1.24,-9.46,1.07,-0.07,-0.03,0.02,19.84,9.600734347
620591,-1.07,-9.52,0.81,-0.07,0,0.01,19.84,9.614125025
620691,-1.22,-9.63,0.98,-0.07,-0.04,0.01,19.84,9.756315903
620793,-1.14,-9.7,0.83,-0.07,0,0.01,19.84,9.801964089
620895,-1.22,-9.89,0.92,-0.07,-0.04,0,19.85,10.0073423
620997,-1.27,-9.89,1.01,-0.07,0.01,0.01,19.85,10.02223029
621099,-1.2,-10.03,0.88,-0.08,-0.03,0,19.84,10.13978797
621201,-1.36,-10.02,0.99,-0.07,0,0.02,19.85,10.16022145
621303,-1.18,-10.07,0.85,-0.07,-0.02,0.02,19.84,10.17446805
621405,-1.41,-10.01,1.15,-0.07,-0.01,0.03,19.85,10.17402084
621507,-1.15,-9.93,0.79,-0.07,-0.02,0.03,19.84,10.02753709
621609,-1.32,-9.71,0.99,-0.07,-0.01,0.03,19.84,9.84919286
621711,-1.06,-9.61,0.68,-0.07,-0.01,0.03,19.84,9.69216694
621813,-1.31,-9.56,1.05,-0.07,-0.02,0.03,19.85,9.706296925
621915,-1.04,-9.62,0.81,-0.07,-0.01,0.02,19.84,9.709897013
622015,-1.3,-9.73,1,-0.08,-0.03,0.02,19.85,9.867264058
622117,-1.11,-9.68,0.73,-0.07,0.01,0.01,19.85,9.770742039
622219,-1.29,-9.88,0.97,-0.07,-0.03,0.01,19.85,10.01096399
622321,-1.21,-9.84,0.93,-0.07,0.01,0.01,19.86,9.957640283
622423,-1.27,-10.03,1.08,-0.08,-0.05,0.01,19.85,10.16760542
622525,-1.24,-9.94,0.94,-0.07,0.01,0.02,19.86,10.06105362
622627,-1.21,-9.94,0.84,-0.07,-0.03,0.02,19.84,10.04854716
622729,-1.27,-9.78,0.91,-0.07,0,0.03,19.85,9.904009289
622831,-1.13,-9.71,0.77,-0.07,-0.03,0.02,19.85,9.805809503
622933,-1.25,-9.62,0.9,-0.06,0,0.03,19.86,9.742530472
623035,-1.1,-9.72,0.75,-0.07,-0.02,0.02,19.84,9.810754303
623137,-1.34,-9.73,1.09,-0.07,0,0.02,19.85,9.882135397
623239,-1.15,-9.84,0.83,-0.07,-0.02,0.01,19.84,9.941679939
623339,-1.37,-9.83,1.11,-0.08,-0.03,0.01,19.85,9.986886402
623441,-1.13,-9.91,0.77,-0.08,-0.01,0.01,19.85,10.00389424
623543,-1.38,-9.97,1.08,-0.07,-0.03,0.02,19.85,10.12283063
623645,-1.14,-9.92,0.84,-0.07,0,0.02,19.86,10.02055887
623747,-1.36,-9.9,1.05,-0.07,-0.04,0.03,19.85,10.04798985
623849,-1.06,-9.68,0.7,-0.07,0,0.03,19.85,9.762991345
623951,-1.27,-9.63,0.9,-0.07,-0.03,0.02,19.86,9.754988467
624053,-1.13,-9.52,0.79,-0.07,0.01,0.03,19.84,9.619324301
624155,-1.24,-9.74,1.03,-0.07,-0.04,0.02,19.85,9.872492087
624257,-1.17,-9.68,0.8,-0.07,0.01,0.01,19.85,9.783215218
624359,-1.24,-9.88,0.93,-0.07,-0.03,0.01,19.85,10.00084496
624461,-1.21,-9.87,0.97,-0.07,0.01,0.01,19.85,9.991091032
624563,-1.27,-10.01,1.01,-0.08,-0.04,0.01,19.84,10.14066566
624663,-1.35,-9.96,1.06,-0.07,0,0.02,19.85,10.10681453
624765,-1.18,-10.05,0.89,-0.08,-0.03,0.01,19.85,10.15810022
624867,-1.37,-9.97,1,-0.07,0,0.03,19.85,10.11324874
624969,-1.16,-9.97,0.82,-0.07,-0.02,0.03,19.85,10.07069511
625071,-1.37,-9.81,1.15,-0.07,-0.01,0.03,19.86,9.971735055
625173,-1.08,-9.63,0.73,-0.07,-0.02,0.03,19.87,9.717828976
625275,-1.28,-9.51,0.95,-0.07,-0.02,0.03,19.85,9.642665607
625377,-1.04,-9.51,0.67,-0.07,-0.01,0.02,19.85,9.590130343
625479,-1.32,-9.63,1.07,-0.07,-0.03,0.02,19.86,9.778762703
625581,-1.06,-9.67,0.82,-0.07,0.01,0.01,19.85,9.762422855
625683,-1.32,-9.85,0.91,-0.07,-0.04,0,19.85,9.979629252
625785,-1.21,-9.8,0.85,-0.07,0.01,0.01,19.85,9.910933357
625887,-1.28,-10.04,1.12,-0.08,-0.04,0.01,19.85,10.18304473
625989,-1.27,-9.97,1.06,-0.07,0,0.02,19.86,10.10630496
626089,-1.21,-10.04,0.91,-0.07,-0.03,0.02,19.86,10.15351171
626191,-1.35,-9.96,1.06,-0.07,0,0.03,19.87,10.10681453
626293,-1.12,-9.89,0.7,-0.07,-0.01,0.03,19.87,9.977800359
626395,-1.33,-9.7,1.07,-0.07,-0.02,0.03,19.86,9.849050716
626497,-1.07,-9.62,0.74,-0.07,-0.01,0.03,19.86,9.707569212
626599,-1.29,-9.7,0.97,-0.07,-0.03,0.02,19.87,9.833361582
626701,-1.09,-9.66,0.77,-0.06,0,0.02,19.86,9.751748561
626803,-1.26,-9.8,1.05,-0.07,-0.03,0.01,19.87,9.936302129
626905,-1.19,-9.77,0.86,-0.08,0,0.01,19.86,9.879706473
627007,-1.25,-9.99,0.89,-0.07,-0.04,0.01,19.87,10.10716083
627109,-1.29,-9.97,0.93,-0.07,0.01,0.02,19.87,10.09603387
627211,-1.19,-9.95,0.93,-0.08,-0.03,0.02,19.87,10.06397039
627313,-1.31,-9.73,0.98,-0.07,0,0.03,19.86,9.866579955
627413,-1.11,-9.75,0.81,-0.07,-0.02,0.02,19.87,9.846354655
627515,-1.37,-9.69,1.06,-0.07,-0.02,0.03,19.86,9.843607062
627617,-1.05,-9.75,0.7,-0.07,-0.01,0.02,19.87,9.831327479
627719,-1.32,-9.77,1.02,-0.07,-0.03,0.01,19.86,9.911392435
627821,-1.11,-9.78,0.82,-0.07,0,0.01,19.86,9.876887161
627923,-1.33,-9.93,1.04,-0.08,-0.03,0.01,19.87,10.07250714
628025,-1.14,-9.91,0.76,-0.07,0.01,0.01,19.87,10.00426409
628127,-1.35,-9.99,1.04,-0.07,-0.03,0.02,19.85,10.13430807
628229,-1.15,-9.75,0.88,-0.07,0.01,0.03,19.86,9.856946789
628331,-1.27,-9.74,0.96,-0.07,-0.04,0.03,19.86,9.869250225
628433,-1.17,-9.59,0.84,-0.07,0.01,0.03,19.85,9.697556393
628535,-1.19,-9.79,1.05,-0.07,-0.04,0.02,19.87,9.917797134
628637,-1.2,-9.71,1.01,-0.07,0,0.01,19.87,9.835862951
628739,-1.22,-9.83,0.83,-0.08,-0.04,0.01,19.86,9.940130784
628839,-1.31,-9.83,1.04,-0.07,0,0.01,19.85,9.971288783
628941,-1.18,-9.94,0.81,-0.07,-0.03,0.01,19.86,10.04251463
629043,-1.39,-9.94,1.08,-0.07,0,0.02,19.86,10.094657
629145,-1.14,-9.93,0.87,-0.07,-0.02,0.02,19.86,10.0330155
629247,-1.36,-9.75,1.03,-0.07,-0.01,0.03,19.86,9.898131137
629349,-1.07,-9.69,0.63,-0.07,-0.02,0.03,19.86,9.769232314
629451,-1.33,-9.66,1.01,-0.07,-0.01,0.03,19.87,9.803295364
629553,-1.08,-9.75,0.85,-0.07,-0.01,0.01,19.86,9.846390201
629655,-1.35,-9.74,1.03,-0.07,-0.03,0.01,19.86,9.886910539
629757,-1.1,-9.8,0.74,-0.07,-0.01,0.01,19.86,9.889266909
629859,-1.36,-9.9,1.01,-0.07,-0.03,0.01,19.86,10.04388869
629961,-1.15,-9.95,0.91,-0.07,0,0.01,19.87,10.05748975
630063,-1.37,-9.91,1.13,-0.07,-0.03,0.02,19.87,10.06786472
630165,-1.08,-9.75,0.71,-0.07,0,0.03,19.86,9.83529359
630265,-1.29,-9.78,0.93,-0.07,-0.04,0.03,19.86,9.908450938
630367,-1.12,-9.62,0.7,-0.07,0,0.02,19.87,9.710242016
630469,-1.24,-9.74,1.02,-0.07,-0.04,0.02,19.87,9.871453794
630571,-1.15,-9.71,0.85,-0.07,0.01,0.01,19.87,9.814738917
630673,-1.23,-9.84,0.94,-0.07,-0.04,0.01,19.86,9.961029063
630775,-1.2,-9.81,0.9,-0.07,0.01,0.01,19.87,9.924016324
630877,-1.27,-10.01,1.05,-0.08,-0.03,0.01,19.87,10.14472769
630979,-1.27,-9.94,1.05,-0.07,0.01,0.02,19.87,10.07566375
631081,-1.2,-9.9,0.83,-0.07,-0.03,0.02,19.87,10.00694259
631183,-1.25,-9.69,0.85,-0.07,0,0.03,19.86,9.807196337
631285,-1.14,-9.68,0.88,-0.07,-0.03,0.03,19.86,9.786541779
631387,-1.26,-9.65,1.02,-0.07,0,0.02,19.87,9.785218444
631489,-1.13,-9.73,0.81,-0.08,-0.02,0.01,19.88,9.828830042
631591,-1.3,-9.76,1.06,-0.07,0,0.01,19.87,9.903090427
631691,-1.12,-9.81,0.71,-0.07,-0.02,0.01,19.88,9.899222192
631793,-1.38,-9.87,1.02,-0.07,-0.02,0.01,19.88,10.01806868
631895,-1.13,-9.98,0.86,-0.08,-0.02,0.01,19.88,10.08052082
631997,-1.41,-9.98,1.08,-0.08,-0.03,0.02,19.88,10.13680916
632099,-1.13,-9.94,0.77,-0.07,0,0.02,19.88,10.03361351
632201,-1.32,-9.83,1.05,-0.07,-0.03,0.03,19.87,9.973655298
632303,-1.1,-9.62,0.87,-0.07,0,0.03,19.88,9.72169224
632405,-1.27,-9.62,1.05,-0.07,-0.04,0.03,19.88,9.760112704
632507,-1.11,-9.53,0.75,-0.07,0,0.02,19.88,9.623694717
632609,-1.21,-9.72,1,-0.07,-0.04,0.01,19.88,9.845938249
632711,-1.18,-9.7,0.91,-0.07,0.01,0.01,19.89,9.813791316
632813,-1.22,-9.87,0.96,-0.08,-0.03,0.01,19.88,9.991341251
632915,-1.27,-9.87,0.95,-0.07,0.01,0.01,19.88,9.996614427
633015,-1.19,-9.98,0.78,-0.08,-0.02,0,19.88,10.08091762
633117,-1.39,-10.02,1.11,-0.07,-0.01,0.02,19.87,10.1766694
633219,-1.15,-10.06,0.77,-0.07,-0.02,0.02,19.88,10.15475258
633321,-1.41,-9.98,1.11,-0.07,-0.01,0.03,19.87,10.14004931
633423,-1.12,-9.85,0.76,-0.07,0,0.03,19.87,9.942560033
633525,-1.32,-9.68,0.96,-0.07,-0.02,0.03,19.88,9.816638936
633627,-1.05,-9.52,0.76,-0.07,0,0.03,19.87,9.607835344
633729,-1.27,-9.57,1.05,-0.07,-0.03,0.02,19.87,9.710834156
633831,-1.11,-9.54,0.84,-0.07,0,0.02,19.87,9.64102173
633933,-1.26,-9.82,0.93,-0.07,-0.04,0.01,19.88,9.944088696
634035,-1.19,-9.74,0.84,-0.07,0.01,0,19.89,9.848314577
634137,-1.25,-9.96,0.99,-0.08,-0.03,0.01,19.88,10.086833
634239,-1.23,-9.93,1.04,-0.07,0.01,0.01,19.88,10.05979125
634341,-1.29,-10.04,0.89,-0.08,-0.04,0.01,19.89,10.16158452
634441,-1.36,-10.03,1.11,-0.07,0,0.02,19.87,10.18246532
634543,-1.17,-10.06,0.84,-0.07,-0.03,0.02,19.88,10.16258333
