475759,-1.15,-9.59,0.85,-0.07,0,0.03,20.11,9.696035272
475861,-1.11,-9.62,0.83,-0.07,-0.02,0.02,20.11,9.719331253
475963,-1.17,-9.65,0.91,-0.07,-0.04,0.02,20.11,9.763170592
476065,-1.25,-9.67,0.93,-0.07,-0.02,0.02,20.12,9.794707755
476165,-1.22,-9.62,0.91,-0.07,0,0.02,20.12,9.739656051
476267,-1.13,-9.66,0.8,-0.07,0,0.01,20.13,9.758714055
476369,-1.16,-9.87,0.86,-0.07,-0.02,0,20.12,9.975073935
476471,-1.28,-9.98,0.96,-0.08,-0.03,0.01,20.13,10.1074428
476573,-1.35,-9.91,0.93,-0.08,-0.01,0.01,20.12,10.04467521
476675,-1.22,-9.9,0.91,-0.07,0,0.02,20.12,10.0163117
476777,-1.18,-9.97,0.96,-0.08,-0.01,0.01,20.12,10.08538051
476879,-1.25,-10.01,0.96,-0.07,-0.03,0.02,20.12,10.13332127
476981,-1.34,-9.97,1.01,-0.07,-0.02,0.03,20.12,10.11022255
477083,-1.26,-9.81,0.96,-0.07,0,0.03,20.12,9.937066972
477185,-1.13,-9.64,0.89,-0.07,0,0.03,20.12,9.746722526
477287,-1.13,-9.65,0.84,-0.07,-0.02,0.03,20.12,9.752179244
477389,-1.23,-9.6,0.86,-0.07,-0.03,0.03,20.12,9.716609491
477489,-1.25,-9.52,0.96,-0.07,-0.02,0.03,20.12,9.649585483
477591,-1.1,-9.47,0.78,-0.07,0,0.03,20.12,9.565526645
477693,-1.07,-9.52,0.74,-0.07,-0.01,0.01,20.12,9.608480629
477795,-1.12,-9.7,0.83,-0.07,-0.03,0.01,20.13,9.799658157
477897,-1.3,-9.83,1.07,-0.07,-0.03,0.01,20.13,9.973153965
477999,-1.25,-9.83,0.93,-0.07,0,0.01,20.13,9.95270315
478101,-1.14,-9.84,0.74,-0.07,-0.01,0,20.12,9.933418344
478203,-1.18,-10.01,0.91,-0.07,-0.03,0,20.14,10.12030632
478305,-1.35,-10.12,1.06,-0.08,-0.03,0.01,20.12,10.26452629
478407,-1.33,-10.01,1.06,-0.07,0,0.02,20.14,10.15345261
478509,-1.16,-9.94,0.88,-0.07,0,0.02,20.14,10.04607386
478611,-1.17,-9.98,0.86,-0.07,-0.02,0.02,20.13,10.08508304
478713,-1.29,-9.88,0.97,-0.07,-0.03,0.03,20.13,10.01096399
478813,-1.31,-9.75,0.95,-0.07,-0.01,0.03,20.14,9.88337493
478915,-1.12,-9.5,0.81,-0.07,0,0.03,20.14,9.600026042
479017,-1.13,-9.58,0.74,-0.07,-0.02,0.02,20.12,9.674755811
479119,-1.21,-9.64,0.88,-0.07,-0.03,0.02,20.13,9.755413882
479221,-1.26,-9.56,1.05,-0.07,-0.01,0.02,20.13,9.699675252
479323,-1.08,-9.65,0.82,-0.07,-0.01,0.01,20.12,9.744808874
479425,-1.15,-9.83,0.79,-0.07,-0.03,0,20.13,9.928519527
479527,-1.29,-9.99,1.02,-0.08,-0.03,0.01,20.12,10.12445554
479629,-1.33,-9.94,1.15,-0.07,0,0.01,20.14,10.09430533
479731,-1.19,-9.95,0.76,-0.07,0,0.01,20.12,10.04968656
479833,-1.24,-10.06,0.8,-0.07,-0.03,0.01,20.13,10.1676546
479935,-1.39,-10.05,1.14,-0.08,-0.02,0.02,20.14,10.20951517
480037,-1.22,-9.99,0.85,-0.07,0,0.03,20.13,10.1000495
480139,-1.18,-10.02,0.94,-0.07,-0.01,0.02,20.13,10.1329364
480239,-1.26,-10.05,0.95,-0.08,-0.03,0.02,20.12,10.17313128
480341,-1.36,-9.95,1.02,-0.07,-0.02,0.04,20.13,10.09418149
480443,-1.18,-9.8,0.78,-0.07,0,0.04,20.12,9.901555433
480545,-1.15,-9.78,0.94,-0.07,-0.02,0.03,20.12,9.892143347
480647,-1.22,-9.72,0.92,-0.07,-0.03,0.03,20.13,9.839369899
480749,-1.22,-9.48,0.96,-0.07,0,0.03,20.14,9.606268787
480851,-1.04,-9.39,0.7,-0.07,0,0.02,20.13,9.473315154
480953,-1.05,-9.48,0.77,-0.07,-0.03,0.02,20.13,9.569002038
481055,-1.24,-9.55,1.1,-0.07,-0.03,0.02,20.13,9.692785977
481157,-1.18,-9.56,0.88,-0.07,0,0.01,20.13,9.672662508
481259,-1.07,-9.71,0.77,-0.07,-0.02,0,20.12,9.799076487
481361,-1.23,-9.89,1.07,-0.07,-0.03,0,20.12,10.02346746
481463,-1.35,-9.92,0.94,-0.07,-0.01,0.01,20.12,10.05547115
481565,-1.19,-9.91,1.02,-0.07,0.01,0.01,20.11,10.03317497
481665,-1.23,-10.05,0.98,-0.08,-0.02,0,20.12,10.17230554
481767,-1.37,-10.14,0.81,-0.08,-0.03,0.01,20.13,10.26414146
481869,-1.33,-10.03,1.09,-0.07,0,0.02,20.12,10.17634021
481971,-1.15,-10.04,0.69,-0.07,-0.01,0.02,20.12,10.12917568
482073,-1.3,-10.12,1.09,-0.08,-0.03,0.02,20.12,10.26121338
482175,-1.35,-10.05,0.94,-0.07,-0.01,0.03,20.12,10.18374194
482277,-1.24,-9.87,0.88,-0.07,0,0.03,20.12,9.986435801
482379,-1.18,-9.9,0.86,-0.07,-0.02,0.03,20.11,10.00709748
482481,-1.28,-9.88,1.12,-0.07,-0.02,0.04,20.12,10.02532792
482583,-1.2,-9.73,0.99,-0.07,0,0.04,20.11,9.85357803
482685,-1.04,-9.67,0.64,-0.07,-0.01,0.03,20.12,9.746799475
482787,-1.22,-9.64,1,-0.07,-0.03,0.03,20.12,9.768213757
482889,-1.22,-9.41,0.85,-0.07,-0.01,0.03,20.11,9.526751807
482989,-1.09,-9.35,0.89,-0.06,0.01,0.03,20.12,9.455300101
483091,-1.06,-9.42,0.71,-0.07,-0.03,0.02,20.12,9.506003366
483193,-1.22,-9.45,0.98,-0.08,-0.03,0.02,20.12,9.57868989
483295,-1.12,-9.42,0.83,-0.07,0,0.02,20.11,9.522588934
483397,-1.1,-9.56,0.94,-0.07,-0.03,0,20.11,9.668877908
483499,-1.29,-9.7,0.96,-0.07,-0.03,0.01,20.11,9.83238018
483601,-1.26,-9.69,0.97,-0.07,0,0.01,20.12,9.819602843
483703,-1.12,-9.85,0.71,-0.07,-0.01,0,20.11,9.938863114
483805,-1.24,-10.04,1.09,-0.07,-0.03,0,20.11,10.17483661
483907,-1.37,-10.06,1.01,-0.07,-0.01,0.01,20.11,10.20297016
484009,-1.22,-10,0.98,-0.07,0.01,0.01,20.1,10.12169946
484111,-1.19,-10.18,0.74,-0.07,-0.02,0.01,20.12,10.2759963
484213,-1.39,-10.17,1.29,-0.08,-0.02,0.02,20.11,10.34529362
484315,-1.27,-10.13,0.96,-0.07,0,0.02,20.11,10.25433567
484415,-1.15,-10.14,0.61,-0.08,-0.01,0.01,20.11,10.22321867
484517,-1.32,-10.21,1.06,-0.08,-0.03,0.02,20.11,10.34940095
484619,-1.36,-10.12,0.88,-0.07,-0.01,0.03,20.1,10.24882432
484721,-1.25,-9.96,0.98,-0.07,0.01,0.03,20.1,10.08585643
484823,-1.23,-10.03,0.96,-0.07,-0.02,0.03,20.1,10.15063545
484925,-1.32,-10.01,0.93,-0.08,-0.02,0.04,20.11,10.1393984
485027,-1.26,-9.82,0.99,-0.07,0,0.04,20.1,9.949879396
485129,-1.09,-9.79,0.6,-0.07,-0.01,0.04,20.1,9.868748654
485231,-1.22,-9.8,1.13,-0.07,-0.03,0.04,20.1,9.940085513
485333,-1.29,-9.73,0.98,-0.07,-0.01,0.04,20.11,9.863944444
485435,-1.16,-9.55,0.99,-0.07,0,0.04,20.11,9.67099788
485537,-1.13,-9.64,0.78,-0.07,-0.02,0.03,20.12,9.737294285
485637,-1.25,-9.75,0.85,-0.07,-0.03,0.04,20.09,9.866483669
485739,-1.26,-9.58,1.11,-0.07,0,0.04,20.11,9.726052642
485841,-1.09,-9.53,0.82,-0.07,-0.01,0.03,20.1,9.627117949
485943,-1.13,-9.59,0.82,-0.07,-0.03,0.03,20.11,9.691099009
486045,-1.27,-9.52,1.06,-0.07,-0.01,0.03,20.11,9.662654915
486147,-1.13,-9.44,0.74,-0.08,0,0.03,20.1,9.536147021
486249,-1.13,-9.53,1.03,-0.07,-0.02,0.02,20.1,9.651875465
486351,-1.23,-9.56,0.85,-0.07,-0.03,0.02,20.1,9.676207935
486453,-1.2,-9.41,1.03,-0.07,0,0.02,20.11,9.541959966
486555,-1.05,-9.43,0.66,-0.07,-0.01,0.01,20.09,9.51120392
486657,-1.11,-9.51,0.81,-0.07,-0.03,0.01,20.1,9.608761627
486759,-1.25,-9.47,1.06,-0.07,-0.02,0.01,20.1,9.610775203
486861,-1.11,-9.41,0.7,-0.07,0,0.01,20.09,9.501063098
486963,-1.1,-9.5,0.82,-0.07,-0.02,0,20.09,9.598562392
487063,-1.16,-9.58,0.99,-0.07,-0.03,0.01,20.09,9.700623691
487165,-1.24,-9.52,0.88,-0.07,-0.02,0.01,20.1,9.640663878
487267,-1.11,-9.44,0.89,-0.07,0,0.01,20.11,9.546611964
487369,-1.13,-9.54,0.75,-0.07,-0.02,0,20.11,9.635922374
487471,-1.2,-9.64,0.8,-0.07,-0.03,0.01,20.12,9.747286802
487573,-1.22,-9.47,0.95,-0.07,-0.01,0.01,20.11,9.59540515
487675,-1.11,-9.39,0.86,-0.07,0,0.01,20.12,9.494408881
487777,-1.08,-9.59,0.74,-0.07,-0.02,0,20.11,9.678951389
487879,-1.25,-9.65,0.75,-0.07,-0.03,0,20.1,9.759482568
487981,-1.25,-9.52,1.01,-0.07,-0.01,0.01,20.11,9.65468798
488083,-1.14,-9.62,0.91,-0.07,-0.01,0,20.11,9.72995889
488185,-1.13,-9.81,0.78,-0.07,-0.03,0,20.11,9.905624665
488285,-1.22,-9.81,1.03,-0.07,-0.04,0,20.11,9.939084465
488387,-1.3,-9.83,0.89,-0.07,-0.02,0.01,20.11,9.955450768
488489,-1.2,-9.85,0.9,-0.07,0,0,20.11,9.963558601
488591,-1.15,-10,0.89,-0.07,-0.01,0,20.1,10.10517689
488693,-1.26,-10.18,1.18,-0.08,-0.03,0,20.11,10.32532808
488795,-1.39,-10.1,0.92,-0.08,-0.02,0.01,20.1,10.23662542
488897,-1.2,-10.04,0.73,-0.07,0,0.01,20.11,10.13777589
488999,-1.19,-10.08,0.88,-0.08,-0.01,0.01,20.09,10.18807636
489101,-1.31,-10.15,1,-0.08,-0.03,0.02,20.11,10.2829276
489203,-1.39,-10.08,1.27,-0.07,-0.02,0.03,20.12,10.25433567
489305,-1.32,-9.99,0.96,-0.07,0,0.03,20.11,10.12245524
489407,-1.15,-9.8,0.66,-0.07,0,0.03,20.11,9.889292189
489509,-1.09,-9.76,0.89,-0.07,-0.03,0.03,20.12,9.860922878
489609,-1.28,-9.78,0.88,-0.07,-0.04,0.03,20.11,9.902585521
489711,-1.26,-9.58,0.96,-0.07,-0.01,0.04,20.11,9.71007724
489813,-1.12,-9.5,0.9,-0.07,0,0.03,20.12,9.608038301
489915,-1.1,-9.62,0.8,-0.07,-0.02,0.02,20.11,9.715678051
490017,-1.18,-9.83,1.07,-0.07,-0.04,0.01,20.1,9.958222733
490119,-1.32,-9.75,1.06,-0.07,-0.02,0.01,20.1,9.895882982
490221,-1.22,-9.75,0.86,-0.07,0,0.01,20.1,9.863594679
490323,-1.15,-9.82,0.71,-0.08,-0.01,0.01,20.1,9.91256778
490425,-1.19,-9.98,0.81,-0.07,-0.03,0.01,20.11,10.0832832
490527,-1.36,-10.05,1.18,-0.07,-0.03,0.02,20.1,10.21001959
490629,-1.32,-9.87,1.17,-0.07,0,0.03,20.1,10.02637522
490731,-1.13,-9.64,0.74,-0.07,0,0.03,20.11,9.734171768
490831,-1.13,-9.7,0.81,-0.07,-0.01,0.02,20.1,9.799132615
490933,-1.18,-9.74,0.95,-0.07,-0.04,0.02,20.1,9.857104037
491035,-1.3,-9.66,0.95,-0.07,-0.01,0.03,20.11,9.793268096
491137,-1.13,-9.66,0.9,-0.07,0,0.02,20.1,9.767420335
491239,-1.1,-9.74,0.9,-0.07,-0.01,0.01,20.1,9.843149902
491341,-1.24,-9.89,0.91,-0.07,-0.03,0.01,20.1,10.00888605
491443,-1.34,-9.9,1.21,-0.08,-0.02,0.01,20.1,10.06328475
491545,-1.29,-9.92,0.97,-0.07,0,0.02,20.09,10.05044278
491647,-1.17,-9.95,0.75,-0.07,-0.01,0.02,20.11,10.04658648
491749,-1.18,-9.96,0.78,-0.07,-0.03,0.02,20.1,10.05994036
491851,-1.32,-9.93,0.99,-0.07,-0.02,0.03,20.09,10.0661512
491951,-1.27,-9.73,0.96,-0.07,0,0.03,20.1,9.859381319
492053,-1.17,-9.55,0.94,-0.07,0,0.03,20.1,9.667212628
492155,-1.13,-9.64,0.91,-0.07,-0.02,0.02,20.11,9.748569126
492257,-1.19,-9.76,0.96,-0.07,-0.04,0.02,20.1,9.879033354
492359,-1.28,-9.75,0.87,-0.07,-0.02,0.02,20.09,9.872071718
492461,-1.14,-9.73,0.89,-0.07,0,0.01,20.1,9.836899918
492563,-1.13,-9.8,0.94,-0.07,-0.01,0,20.1,9.909616542
492665,-1.24,-9.99,1.06,-0.08,-0.03,0.01,20.09,10.12231693
492767,-1.35,-9.94,1,-0.07,-0.02,0.02,20.1,10.08097714
492869,-1.21,-9.9,0.78,-0.07,0,0.02,20.11,10.00412415
492971,-1.15,-9.91,0.85,-0.07,-0.01,0.02,20.11,10.012647
493073,-1.22,-9.91,0.88,-0.07,-0.03,0.02,20.11,10.02351735
493173,-1.33,-9.92,1.05,-0.07,-0.03,0.03,20.11,10.0636872
493275,-1.28,-9.7,1.13,-0.07,-0.01,0.04,20.1,9.849126865
493377,-1.13,-9.5,0.81,-0.07,0,0.03,20.1,9.601197842
493479,-1.12,-9.59,0.77,-0.07,-0.02,0.02,20.1,9.685835018
493581,-1.22,-9.7,0.81,-0.07,-0.03,0.02,20.12,9.80991845
493683,-1.28,-9.63,0.93,-0.07,0,0.02,20.11,9.759108566
493785,-1.15,-9.66,0.86,-0.07,0,0.01,20.11,9.766150726
493887,-1.18,-9.85,0.88,-0.07,-0.01,0,20.11,9.959382511
493989,-1.3,-10.01,0.92,-0.08,-0.03,0.01,20.11,10.13590154
494091,-1.33,-9.92,0.98,-0.08,0,0.01,20.11,10.05662468
494193,-1.21,-9.88,0.99,-0.07,0,0.01,20.11,10.00292957
494295,-1.19,-10.06,0.83,-0.07,-0.02,0.02,20.1,10.16408382
494397,-1.33,-10.09,0.95,-0.07,-0.03,0.03,20.1,10.22152141
494499,-1.33,-9.94,1.14,-0.07,-0.01,0.03,20.11,10.09317096
494599,-1.19,-9.84,0.99,-0.07,0.01,0.03,20.1,9.961014005
494701,-1.16,-9.86,0.77,-0.07,-0.02,0.03,20.1,9.957816026
494803,-1.28,-9.81,0.94,-0.07,-0.02,0.03,20.1,9.937711004
494905,-1.19,-9.56,1.02,-0.07,0,0.03,20.1,9.687626128
495007,-1.02,-9.48,0.66,-0.07,-0.01,0.02,20.1,9.557531062
495109,-1.16,-9.52,0.96,-0.08,-0.04,0.02,20.09,9.638340106
495211,-1.23,-9.45,0.83,-0.07,-0.02,0.02,20.1,9.565787997
495313,-1.1,-9.39,0.86,-0.07,0,0.01,20.09,9.493244967
495415,-1.11,-9.59,0.88,-0.07,-0.02,0.01,20.09,9.694049721
495517,-1.25,-9.74,0.95,-0.07,-0.03,0.01,20.1,9.865728559
495619,-1.26,-9.78,1.02,-0.06,0,0.01,20.09,9.913445415
495721,-1.13,-9.96,0.65,-0.07,-0.01,0,20.1,10.04494898
495821,-1.14,-9.89,0.75,-0.07,-0.03,-0.01,20.1,9.98369671
495923,-1.37,-10.02,1.32,-0.07,-0.02,0.01,20.1,10.19900485
496025,-1.21,-10.05,0.96,-0.07,0,0.01,20.1,10.16799882
496127,-1.18,-10.09,0.8,-0.07,-0.02,0,20.1,10.1902159
496229,-1.31,-10.22,1.12,-0.07,-0.03,0.01,20.09,10.36430895
496331,-1.34,-10.15,0.97,-0.08,-0.01,0.01,20.11,10.28391949
496433,-1.3,-10.04,0.97,-0.07,0,0.02,20.1,10.17017699
496535,-1.25,-10.17,0.95,-0.07,-0.02,0.02,20.09,10.29047618
496637,-1.34,-10.19,0.79,-0.07,-0.03,0.03,20.11,10.3080454
496739,-1.36,-9.95,1.02,-0.07,0,0.04,20.09,10.09418149
496841,-1.16,-9.92,1.05,-0.07,0,0.04,20.09,10.04263412
496943,-1.16,-9.83,0.82,-0.07,-0.03,0.03,20.1,9.932114578
497045,-1.28,-9.76,1.1,-0.07,-0.02,0.04,20.09,9.904847298
497145,-1.26,-9.7,1.02,-0.07,-0.01,0.04,20.09,9.834531001
497247,-1.09,-9.51,0.81,-0.07,0,0.03,20.09,9.606471777
497349,-1.05,-9.53,0.73,-0.07,-0.03,0.03,20.09,9.615419908
497451,-1.2,-9.5,1.02,-0.07,-0.03,0.03,20.09,9.629662507
497553,-1.2,-9.4,0.93,-0.07,0,0.02,20.09,9.521811802
497655,-1.07,-9.47,0.56,-0.07,-0.01,0.01,20.1,9.546695763
497757,-1.14,-9.64,0.74,-0.07,-0.03,0.01,20.1,9.735337693
497859,-1.32,-9.72,1.33,-0.07,-0.02,0.01,20.1,9.898974694
497961,-1.17,-9.78,0.82,-0.07,0.01,0.01,20.1,9.883809994
498063,-1.12,-9.87,0.68,-0.07,-0.01,0,20.1,9.956590782
498165,-1.26,-10.04,0.98,-0.08,-0.03,0,20.1,10.16610053
498267,-1.38,-10.04,1.14,-0.07,-0.02,0.01,20.1,10.19831359
498369,-1.22,-10,0.8,-0.08,0,0.02,20.1,10.10585969
498471,-1.27,-10.09,1.04,-0.07,-0.01,0.02,20.09,10.22265132
498571,-1.28,-10.16,1.26,-0.08,-0.03,0.02,20.11,10.31753847
498673,-1.35,-10.02,0.82,-0.07,0,0.03,20.11,10.14373205
498775,-1.19,-9.81,1.01,-0.07,0,0.03,20.1,9.933393177
498877,-1.14,-9.79,0.87,-0.07,-0.02,0.03,20.1,9.894473205
498979,-1.25,-9.67,0.92,-0.08,-0.03,0.03,20.09,9.793763322
499081,-1.21,-9.48,1.11,-0.06,0,0.03,20.1,9.621153777
499183,-1.04,-9.48,0.52,-0.07,-0.01,0.02,20.08,9.551041828
499285,-1.17,-9.63,1.2,-0.07,-0.03,0.02,20.09,9.774753194
499387,-1.28,-9.69,0.9,-0.07,-0.02,0.02,20.1,9.81552342
499489,-1.12,-9.7,0.98,-0.07,0,0.01,20.09,9.813500904
499591,-1.15,-9.86,0.74,-0.07,-0.02,0,20.11,9.954380945
499693,-1.38,-9.95,1.21,-0.08,-0.02,0.01,20.09,10.1178555
499795,-1.22,-9.94,0.82,-0.07,0,0.01,20.09,10.0481043
499897,-1.23,-10.05,0.94,-0.07,-0.02,0.01,20.1,10.16852988
499997,-1.3,-10.14,1.13,-0.08,-0.04,0.02,20.09,10.28525644
500099,-1.34,-10.07,0.92,-0.07,-0.01,0.02,20.09,10.20033823
500201,-1.17,-10.01,0.79,-0.07,-0.01,0.02,20.09,10.10906029
500303,-1.24,-10.02,0.89,-0.07,-0.03,0.03,20.1,10.13558582
500405,-1.36,-9.86,1.06,-0.07,-0.01,0.03,20.09,10.00963536
500507,-1.17,-9.64,0.77,-0.07,0.01,0.03,20.09,9.741221689
500609,-1.07,-9.62,0.69,-0.07,-0.02,0.03,20.09,9.70388582
500711,-1.22,-9.53,1.01,-0.07,-0.02,0.03,20.09,9.660714259
500813,-1.13,-9.39,0.98,-0.07,0,0.03,20.08,9.508385773
500915,-1.05,-9.47,0.74,-0.07,-0.02,0.02,20.1,9.556725381
501017,-1.23,-9.62,0.93,-0.07,-0.03,0.01,20.09,9.742802472
501119,-1.25,-9.56,0.97,-0.07,-0.01,0.01,20.08,9.69004644
501219,-1.11,-9.52,0.86,-0.07,0,0.01,20.08,9.622998493
501321,-1.09,-9.72,0.9,-0.07,-0.03,0,20.09,9.822245161
501423,-1.3,-9.87,1.08,-0.08,-0.03,0,20.08,10.01365568
501525,-1.25,-9.88,1.05,-0.07,0,0.01,20.09,10.01396026
501627,-1.14,-10.05,0.79,-0.07,-0.01,0,20.09,10.14525505
501729,-1.3,-10.16,1.24,-0.07,-0.03,0,20.07,10.317616
501831,-1.37,-10.14,0.96,-0.07,-0.01,0.01,20.09,10.2770667
501933,-1.22,-10.09,0.94,-0.07,0,0.01,20.08,10.20686534
502035,-1.24,-10.17,0.76,-0.07,-0.03,0.02,20.09,10.27346582
502137,-1.4,-10.09,1.2,-0.08,-0.02,0.03,20.09,10.25709998
502239,-1.24,-10.04,0.8,-0.07,0,0.03,20.09,10.14786677
502341,-1.22,-10.05,0.97,-0.07,-0.02,0.03,20.08,10.17014258
502443,-1.31,-10.05,0.81,-0.07,-0.03,0.04,20.09,10.16733495
502543,-1.34,-9.94,0.83,-0.07,0,0.04,20.09,10.06419892
502645,-1.13,-9.85,0.86,-0.07,0,0.04,20.09,9.951834002
502747,-1.2,-9.84,0.77,-0.07,-0.04,0.04,20.08,9.942761186
502849,-1.33,-9.73,1.2,-0.07,-0.01,0.04,20.09,9.893523134
502951,-1.11,-9.5,0.85,-0.07,0,0.03,20.08,9.602322636
503053,-1.12,-9.53,0.78,-0.07,-0.02,0.03,20.09,9.627237402
503155,-1.18,-9.5,1.04,-0.07,-0.03,0.03,20.08,9.629330195
503257,-1.13,-9.34,0.96,-0.07,0,0.03,20.09,9.4569604
503359,-1.09,-9.39,0.81,-0.07,-0.02,0.02,20.09,9.487692027
503461,-1.19,-9.44,0.8,-0.07,-0.03,0.01,20.09,9.548282568
503563,-1.19,-9.33,0.89,-0.07,0,0.01,20.09,9.447597578
503665,-1.01,-9.5,0.69,-0.07,-0.01,0,20.09,9.57842367
503767,-1.2,-9.66,1.1,-0.07,-0.03,0,20.07,9.796203346
503869,-1.28,-9.66,0.88,-0.07,-0.01,0,20.08,9.784089125
503969,-1.15,-9.6,0.91,-0.07,0.01,0,20.08,9.711364477
504071,-1.13,-9.8,0.8,-0.07,-0.03,-0.01,20.09,9.897317818
504173,-1.31,-9.93,1.13,-0.07,-0.02,0,20.08,10.07957836
504275,-1.21,-10.03,0.93,-0.07,0,0,20.09,10.1454374
504377,-1.25,-10.13,0.93,-0.07,-0.02,0,20.08,10.24911216
504479,-1.38,-10.23,0.89,-0.07,-0.03,0.01,20.07,10.36095555
504581,-1.35,-10.09,1.01,-0.08,0,0.01,20.08,10.22989247
504683,-1.2,-10.13,0.74,-0.08,-0.01,0.02,20.08,10.22763414
504785,-1.29,-10.23,0.94,-0.08,-0.03,0.02,20.08,10.35377226
504887,-1.4,-10.09,0.94,-0.07,-0.02,0.03,20.08,10.22994135
504989,-1.22,-9.93,1,-0.07,0.01,0.03,20.07,10.0545164
505091,-1.19,-10.04,0.93,-0.08,-0.03,0.03,20.07,10.15296016
505193,-1.33,-10.01,1.03,-0.07,-0.02,0.04,20.07,10.15036453
505293,-1.32,-9.91,1.23,-0.08,0,0.04,20.07,10.07290425
505395,-1.15,-9.82,0.73,-0.07,-0.01,0.04,20.08,9.914020375
505497,-1.22,-9.81,0.79,-0.07,-0.04,0.04,20.08,9.917086266
505599,-1.29,-9.65,1.05,-0.07,-0.01,0.04,20.08,9.792297994
505701,-1.12,-9.46,0.71,-0.07,0,0.03,20.07,9.552491822
505803,-1.12,-9.49,0.96,-0.07,-0.02,0.03,20.08,9.603962724
505905,-1.19,-9.52,0.82,-0.07,-0.04,0.02,20.07,9.629065375
506007,-1.19,-9.34,0.96,-0.07,0,0.02,20.08,9.464317197
506109,-1.07,-9.35,0.83,-0.07,-0.01,0.01,20.08,9.447555239
506211,-1.07,-9.47,0.72,-0.07,-0.03,0.01,20.08,9.557415969
506313,-1.28,-9.58,1.13,-0.07,-0.03,0.01,20.07,9.730966036
506415,-1.18,-9.65,0.81,-0.07,0,0,20.07,9.755562516
506517,-1.1,-9.78,0.7,-0.07,-0.01,0,20.07,9.866529278
506619,-1.24,-9.98,0.95,-0.08,-0.03,0,20.07,10.10150979
506719,-1.35,-9.94,1.33,-0.07,-0.02,0,20.07,10.11904146
506821,-1.26,-9.96,0.98,-0.07,0,0.01,20.06,10.08710067
506923,-1.15,-10.05,0.72,-0.07,-0.01,0,20.06,10.1411735
507025,-1.3,-10.19,0.88,-0.07,-0.03,0.01,20.07,10.31021338
507127,-1.42,-10.14,1.16,-0.07,-0.02,0.02,20.06,10.30444564
507229,-1.23,-10.09,0.76,-0.07,0,0.02,20.07,10.19306627
507331,-1.21,-10.09,0.89,-0.07,-0.01,0.02,20.07,10.20119111
507433,-1.28,-10.14,1.08,-0.07,-0.03,0.03,20.05,10.27737321
507535,-1.37,-10.01,1.03,-0.07,-0.02,0.04,20.07,10.15568314
507637,-1.19,-9.86,0.88,-0.07,0,0.04,20.06,9.970461373
507739,-1.11,-9.81,0.93,-0.07,-0.01,0.03,20.07,9.916304755
507841,-1.21,-9.78,1.05,-0.07,-0.02,0.03,20.06,9.910348127
507941,-1.31,-9.67,1.07,-0.07,-0.02,0.04,20.07,9.816817203
508043,-1.15,-9.54,0.84,-0.07,0,0.04,20.07,9.64570889
508145,-1.06,-9.43,0.59,-0.07,-0.01,0.03,20.06,9.507712659
508247,-1.1,-9.43,0.71,-0.07,-0.03,0.02,20.06,9.52045167
508349,-1.27,-9.41,0.99,-0.07,-0.03,0.02,20.07,9.546784799
508451,-1.13,-9.42,0.74,-0.07,0,0.02,20.07,9.51634909
508553,-1.06,-9.53,0.67,-0.07,-0.01,0.01,20.06,9.612148563
508655,-1.21,-9.74,0.87,-0.07,-0.03,0,20.07,9.853354759
508757,-1.33,-9.81,1.12,-0.07,-0.02,0.01,20.05,9.962901184
508859,-1.17,-9.82,0.7,-0.07,0.01,0,20.06,9.914196891
508961,-1.17,-9.95,0.9,-0.07,-0.01,0,20.06,10.05889656
509061,-1.19,-10.01,0.74,-0.08,-0.03,0,20.05,10.10761099
509163,-1.4,-10.01,1.28,-0.08,-0.02,0.01,20.06,10.18815489
509265,-1.25,-10,0.84,-0.07,0.01,0.02,20.06,10.11276916
509367,-1.14,-10.04,0.72,-0.08,-0.01,0.02,20.07,10.13013327
509469,-1.29,-10.06,0.84,-0.07,-0.03,0.02,20.06,10.17709684
509571,-1.34,-9.85,1.01,-0.07,-0.01,0.04,20.07,9.991906725
509673,-1.11,-9.64,0.74,-0.07,0.01,0.03,20.06,9.731870324
509775,-1.12,-9.6,0.9,-0.07,-0.01,0.03,20.07,9.706925363
509877,-1.18,-9.68,1.07,-0.07,-0.03,0.03,20.06,9.810183485
509979,-1.27,-9.65,0.88,-0.07,-0.01,0.02,20.05,9.772911542
510081,-1.16,-9.62,0.99,-0.07,0,0.02,20.07,9.740128336
510183,-1.17,-9.81,0.97,-0.07,-0.02,0.01,20.07,9.92702876
510283,-1.22,-9.89,1.18,-0.07,-0.04,0,20.06,10.03458519
510385,-1.33,-9.88,0.81,-0.08,-0.01,0.01,20.05,10.00196981
510487,-1.19,-9.88,0.99,-0.07,0,0.01,20.06,10.00052999
510589,-1.24,-10.04,0.92,-0.07,-0.02,0.01,20.05,10.15803131
510691,-1.33,-10.14,0.91,-0.08,-0.03,0.02,20.06,10.26725864
510793,-1.33,-9.98,1.13,-0.07,0,0.03,20.06,10.1314461
510895,-1.16,-9.87,0.74,-0.07,0,0.03,20.06,9.965445299
510997,-1.15,-9.81,0.83,-0.07,-0.02,0.03,20.06,9.911987692
511099,-1.27,-9.69,1.14,-0.07,-0.03,0.03,20.06,9.839136141
511201,-1.2,-9.5,0.95,-0.07,0,0.04,20.05,9.622499675
511303,-1.01,-9.5,0.57,-0.07,-0.01,0.02,20.07,9.570527676
511405,-1.17,-9.58,0.88,-0.07,-0.03,0.01,20.05,9.691217674
511505,-1.27,-9.57,1.14,-0.07,-0.03,0.02,20.06,9.720977317
511607,-1.16,-9.61,0.95,-0.07,0,0.01,20.05,9.726263414
511709,-1.09,-9.71,0.76,-0.07,-0.01,0,20.07,9.800499987
511811,-1.24,-9.94,1.1,-0.08,-0.03,0,20.06,10.07726153
511913,-1.34,-9.95,0.94,-0.07,-0.02,0.01,20.06,10.08373443
512015,-1.22,-9.91,0.87,-0.07,0,0.01,20.06,10.02264436
512117,-1.24,-10.07,1.06,-0.08,-0.02,0.01,20.06,10.20127933
512219,-1.34,-10.17,0.91,-0.07,-0.03,0.02,20.06,10.29818431
512321,-1.34,-10,0.88,-0.08,0,0.03,20.07,10.12768483
512423,-1.21,-9.91,1.07,-0.07,0,0.03,20.06,10.04077188
512525,-1.18,-9.94,0.91,-0.07,-0.02,0.03,20.07,10.05107457
512627,-1.28,-9.84,0.93,-0.07,-0.02,0.04,20.05,9.966388513
512729,-1.23,-9.63,1.09,-0.07,-0.01,0.04,20.06,9.769232314
512829,-1.09,-9.5,0.82,-0.07,0,0.03,20.05,9.597421529
512931,-1.04,-9.52,0.62,-0.07,-0.03,0.03,20.05,9.596686928
513033,-1.21,-9.55,1.06,-0.07,-0.02,0.03,20.06,9.684534062
513135,-1.19,-9.46,1,-0.06,0,0.02,20.06,9.586850369
513237,-1.04,-9.55,0.54,-0.07,-0.01,0.01,20.05,9.621626682
513339,-1.19,-9.74,0.74,-0.07,-0.03,0,20.04,9.84028963
513441,-1.34,-9.78,1.22,-0.07,-0.02,0.01,20.05,9.946476763
513543,-1.18,-9.86,0.8,-0.07,0.01,0.01,20.06,9.962529799
513645,-1.18,-9.96,0.9,-0.07,-0.01,0,20.05,10.06995531
513747,-1.28,-10.12,1.18,-0.08,-0.03,0.01,20.04,10.26865132
513849,-1.37,-10.06,0.97,-0.07,-0.01,0.02,20.05,10.19908819
513951,-1.27,-9.99,1.03,-0.08,0,0.02,20.04,10.1229393
514051,-1.17,-10.07,0.88,-0.07,-0.01,0.02,20.04,10.1758636
514153,-1.27,-10.13,1.18,-0.07,-0.03,0.03,20.05,10.27726617
514255,-1.36,-9.97,0.98,-0.07,-0.02,0.04,20.05,10.10994065
514357,-1.19,-9.79,0.77,-0.07,0,0.03,20.05,9.892072584
514459,-1.12,-9.75,0.94,-0.07,-0.01,0.03,20.04,9.859031393
514561,-1.17,-9.65,1.07,-0.07,-0.04,0.03,20.04,9.779381371
514663,-1.25,-9.51,0.83,-0.07,-0.01,0.03,20.04,9.627642494
514765,-1.09,-9.38,0.8,-0.07,0,0.02,20.04,9.476945711
514867,-1.13,-9.54,0.85,-0.07,-0.02,0.01,20.04,9.644221068
514969,-1.17,-9.72,1,-0.07,-0.04,0.01,20.05,9.841102581
515071,-1.3,-9.69,0.92,-0.07,-0.01,0.01,20.04,9.820005092
515173,-1.19,-9.73,0.91,-0.07,0,0.01,20.05,9.844648292
515275,-1.19,-9.97,0.86,-0.07,-0.02,0,20.05,10.07752946
515377,-1.37,-10.07,0.92,-0.07,-0.03,0.01,20.05,10.20432261
515477,-1.35,-10.01,0.96,-0.07,-0.01,0.01,20.04,10.14614212
515579,-1.25,-9.95,0.98,-0.07,0,0.01,20.04,10.07598134
515681,-1.25,-10.12,0.86,-0.08,-0.02,0.01,20.05,10.23310803
515783,-1.36,-10.18,0.81,-0.07,-0.03,0.02,20.04,10.30233469
515885,-1.36,-10.04,1.16,-0.07,0,0.03,20.04,10.19788213
515987,-1.19,-9.95,0.88,-0.07,-0.01,0.03,20.04,10.05947315
516089,-1.19,-9.96,0.89,-0.07,-0.03,0.03,20.04,10.07024329
516191,-1.32,-9.81,1.05,-0.07,-0.02,0.04,20.04,9.953943942
516293,-1.18,-9.65,0.92,-0.07,0,0.04,20.03,9.765311055
516395,-1.06,-9.54,0.63,-0.07,-0.01,0.03,20.04,9.619360686
516497,-1.12,-9.54,0.78,-0.08,-0.03,0.03,20.04,9.637136504
516599,-1.26,-9.39,0.96,-0.07,-0.02,0.02,20.04,9.522672944
516699,-1.2,-9.38,0.95,-0.07,0,0.03,20.04,9.504046507
516801,-1.01,-9.41,0.57,-0.07,-0.01,0.01,20.04,9.481197182
516903,-1.12,-9.51,0.76,-0.07,-0.03,0.01,20.03,9.605836767
517005,-1.27,-9.67,1.17,-0.07,-0.03,0.01,20.04,9.822967983
517107,-1.25,-9.71,1.08,-0.07,-0.01,0,20.04,9.849517755
517209,-1.18,-9.77,0.74,-0.07,-0.01,0,20.04,9.86878412
517311,-1.12,-10,0.88,-0.07,-0.03,0,20.03,10.10093065
517413,-1.34,-10.1,1.08,-0.07,-0.03,0,20.02,10.24558441
517515,-1.37,-10.04,1.04,-0.07,-0.01,0.02,20.03,10.18627017
517617,-1.18,-10.07,0.8,-0.07,0,0.01,20.02,10.17041297
517719,-1.21,-10.11,0.86,-0.07,-0.02,0.01,20.02,10.21840496
517821,-1.37,-10.16,0.94,-0.07,-0.03,0.03,20.02,10.29495508
517923,-1.31,-9.98,1.21,-0.08,-0.01,0.03,20.02,10.13807674
518025,-1.22,-9.82,0.92,-0.07,0,0.03,20.02,9.938168845
518127,-1.17,-9.9,0.79,-0.07,-0.02,0.04,20.02,10.00015
518227,-1.25,-9.97,1.02,-0.07,-0.04,0.03,20.03,10.09969306
518329,-1.32,-9.73,0.99,-0.07,-0.01,0.04,20.02,9.868910781
518431,-1.16,-9.58,0.95,-0.07,0,0.04,20.02,9.696623124
518533,-1.12,-9.52,0.86,-0.07,-0.02,0.03,20.03,9.624157106
518635,-1.16,-9.52,0.91,-0.07,-0.03,0.03,20.03,9.633488465
518737,-1.2,-9.38,0.85,-0.07,-0.01,0.03,20.03,9.494572134
518839,-1.11,-9.27,0.87,-0.07,0,0.02,20.03,9.376667852
518941,-1.08,-9.4,0.76,-0.07,-0.02,0.01,20.02,9.492312679
519043,-1.19,-9.52,0.8,-0.07,-0.03,0.01,20.03,9.627382822
519145,-1.23,-9.45,0.82,-0.07,-0.01,0.01,20.03,9.564925509
519247,-1.14,-9.48,0.91,-0.07,0,0,20.02,9.591564002
519349,-1.15,-9.8,0.88,-0.07,-0.02,-0.01,20.03,9.906407018
519451,-1.31,-9.97,0.79,-0.07,-0.03,0,20.03,10.08667933
519553,-1.32,-9.9,1.09,-0.07,0,0,20.02,10.04691495
519655,-1.2,-10.01,0.86,-0.07,-0.01,0,20.03,10.11828543
519757,-1.22,-10.15,0.92,-0.08,-0.03,0,20.02,10.26437041
519859,-1.4,-10.19,1.25,-0.08,-0.02,0.01,20.03,10.36139952
519959,-1.36,-10.14,1.16,-0.07,0,0.01,20.03,10.29634887
520061,-1.21,-10.14,0.69,-0.07,-0.01,0.01,20.02,10.2352235
520163,-1.27,-10.23,0.79,-0.07,-0.03,0.01,20.02,10.33875718
520265,-1.42,-10.16,1.24,-0.08,-0.02,0.02,20.03,10.33342151
520367,-1.23,-10.08,0.77,-0.08,0,0.03,20.02,10.1839187
520469,-1.19,-10.12,0.85,-0.07,-0.02,0.03,20.03,10.22511614
520571,-1.3,-10.08,1.13,-0.07,-0.03,0.04,20.02,10.22610874
520673,-1.31,-9.86,0.97,-0.08,0,0.04,20.02,9.993828095
520775,-1.16,-9.74,1.09,-0.07,0,0.04,20.03,9.869209695
520877,-1.15,-9.74,0.76,-0.07,-0.02,0.04,20.02,9.837057487
520979,-1.23,-9.7,0.91,-0.08,-0.02,0.04,20.02,9.819928717
521081,-1.16,-9.43,0.99,-0.07,0,0.04,20.02,9.552517993
521183,-1,-9.36,0.63,-0.07,-0.01,0.03,20.02,9.434325625
521285,-1.13,-9.45,0.89,-0.08,-0.03,0.02,20.02,9.558844072
521387,-1.26,-9.45,0.93,-0.07,-0.02,0.02,20.02,9.578883025
521489,-1.15,-9.46,0.92,-0.07,0,0.01,20.01,9.573949028
521589,-1.08,-9.58,0.78,-0.07,-0.02,0.01,20,9.67218693
521691,-1.28,-9.79,1.04,-0.07,-0.03,0.01,20.01,9.927945407
521793,-1.29,-9.75,1.04,-0.08,-0.01,0.01,20.01,9.889802829
521895,-1.16,-9.79,0.91,-0.07,0,0,20.02,9.900393932
521997,-1.15,-9.98,0.74,-0.07,-0.02,0,20.02,10.07325667
522099,-1.37,-10.02,1.24,-0.08,-0.02,0.01,20.02,10.18895971
522201,-1.27,-10.02,0.98,-0.07,0,0.02,20.02,10.14759577
522303,-1.17,-10.05,0.85,-0.07,-0.01,0.02,20.02,10.15351663
522405,-1.26,-10.04,1.14,-0.07,-0.03,0.03,20.02,10.18276976
522507,-1.3,-9.8,0.9,-0.07,-0.01,0.04,20.01,9.926731587
522609,-1.11,-9.62,0.91,-0.06,0,0.03,20.01,9.726489603
522711,-1.12,-9.57,0.79,-0.07,-0.03,0.03,19.99,9.667647077
522813,-1.29,-9.59,1.08,-0.07,-0.02,0.03,20.01,9.736457261
522915,-1.13,-9.64,0.77,-0.07,0,0.02,20,9.736498344
523017,-1.11,-9.74,0.89,-0.07,-0.02,0.01,20,9.843363246
523119,-1.29,-9.87,1.02,-0.08,-0.03,0.01,20,10.00606816
523221,-1.3,-9.82,1.02,-0.08,0,0.01,20,9.958052018
523321,-1.18,-9.84,0.99,-0.07,0,0.01,19.99,9.959824296
523423,-1.22,-10.01,0.68,-0.08,-0.03,0.01,19.99,10.10697284
523525,-1.38,-9.98,1.16,-0.07,-0.01,0.02,20,10.14151862
523627,-1.19,-9.89,0.77,-0.07,0,0.02,20,9.991050996
523729,-1.18,-9.81,0.94,-0.07,-0.02,0.02,19.99,9.925326191
523831,-1.24,-9.75,0.88,-0.07,-0.03,0.03,20,9.867851843
523933,-1.2,-9.62,1.03,-0.06,0,0.03,20,9.749117909
524035,-1.09,-9.68,0.69,-0.07,-0.01,0.02,19.99,9.76558242
524137,-1.18,-9.84,1.17,-0.07,-0.03,0.01,19.99,9.979323624
524239,-1.3,-9.77,0.88,-0.07,0,0.01,20,9.895317074
524341,-1.15,-9.81,0.83,-0.07,0,0.01,20,9.911987692
524443,-1.19,-9.99,0.7,-0.07,-0.03,0.01,19.99,10.08494918
524545,-1.39,-9.96,1.17,-0.07,-0.01,0.02,20,10.12435677
524647,-1.19,-9.86,0.82,-0.07,0.01,0.03,20.01,9.965344951
524747,-1.17,-9.94,0.87,-0.07,-0.02,0.02,20.02,10.04636253
524849,-1.3,-9.82,0.79,-0.07,-0.03,0.03,20,9.937127352
524951,-1.23,-9.66,0.96,-0.07,0,0.03,20,9.785198005
525053,-1.07,-9.67,0.66,-0.07,-0.01,0.02,20.01,9.75137939
525155,-1.21,-9.77,1.15,-0.07,-0.03,0.02,20,9.911584132
525257,-1.28,-9.73,0.87,-0.07,-0.01,0.02,20,9.852319524
525359,-1.11,-9.68,0.87,-0.07,0,0.01,19.99,9.782198117
525461,-1.14,-9.85,0.77,-0.08,-0.03,0.01,20,9.945602043
525563,-1.38,-9.9,1.27,-0.08,-0.02,0.02,19.99,10.07607562
525665,-1.2,-9.88,0.77,-0.07,0,0.02,20,9.982349423
525767,-1.19,-9.85,0.86,-0.07,-0.03,0.02,20.01,9.958825232
525869,-1.29,-9.82,0.8,-0.07,-0.03,0.03,20,9.936624175
525971,-1.26,-9.65,1.13,-0.07,0,0.03,20,9.797295545
526073,-1.1,-9.71,0.61,-0.07,-0.01,0.02,20,9.791128638
526175,-1.22,-9.84,0.97,-0.07,-0.03,0.01,20,9.962675344
526275,-1.35,-9.76,1.13,-0.07,-0.02,0.02,20,9.917509768
526377,-1.14,-9.75,0.59,-0.08,0,0.01,19.99,9.834134431
526479,-1.22,-9.89,1.01,-0.07,-0.02,0.01,20,10.01601717
526581,-1.32,-10.01,0.89,-0.07,-0.02,0.02,20,10.13580781
526683,-1.34,-9.94,1.23,-0.07,0,0.02,20,10.10505319
526785,-1.13,-9.84,0.58,-0.07,-0.01,0.02,19.99,9.92163797
526887,-1.21,-9.81,0.87,-0.07,-0.03,0.03,19.99,9.922555114
526989,-1.29,-9.67,0.96,-0.07,-0.02,0.03,19.99,9.802785318
527091,-1.13,-9.56,0.91,-0.07,0,0.02,19.99,9.66946741
527193,-1.16,-9.74,0.84,-0.07,-0.02,0.02,19.99,9.844734633
527295,-1.28,-9.84,0.93,-0.08,-0.03,0.02,20,9.966388513
527397,-1.26,-9.79,1.15,-0.07,0,0.01,20,9.93751478
527499,-1.14,-9.81,0.69,-0.08,-0.01,0.01,19.99,9.900090909
527601,-1.25,-9.98,0.9,-0.08,-0.03,0.01,19.99,10.0981632
527703,-1.36,-10,0.94,-0.07,-0.01,0.02,19.99,10.13573875
527803,-1.19,-9.93,0.69,-0.07,0,0.02,20,10.02482419
527905,-1.2,-9.96,0.94,-0.07,-0.02,0.02,19.99,10.07597142
528007,-1.27,-9.96,0.99,-0.07,-0.04,0.03,19.99,10.089331
528109,-1.27,-9.66,0.87,-0.07,0,0.03,19.99,9.781891433
528211,-1.08,-9.54,0.83,-0.07,0,0.03,19.99,9.636747377
528313,-1.08,-9.59,0.72,-0.07,-0.03,0.02,19.99,9.677442844
528415,-1.28,-9.65,1.19,-0.07,-0.03,0.02,19.99,9.806987305
528517,-1.21,-9.64,1.05,-0.07,0,0.02,20,9.772215716
528619,-1.08,-9.77,0.69,-0.07,-0.01,0.01,20,9.853699813
528721,-1.21,-9.95,1.07,-0.08,-0.03,0,19.98,10.08025297
528823,-1.36,-9.93,1.05,-0.07,-0.01,0.01,19.98,10.07754931
528925,-1.2,-9.91,0.93,-0.08,0,0.01,19.99,10.02561719
529027,-1.24,-10.07,0.86,-0.07,-0.02,0.01,19.99,10.18244077
529129,-1.36,-10.12,0.91,-0.07,-0.03,0.02,19.98,10.2514438
529229,-1.35,-10.01,0.95,-0.07,-0.01,0.03,19.98,10.14520084
529331,-1.22,-9.85,1.01,-0.07,0,0.03,19.98,9.97652244
529433,-1.19,-9.8,0.89,-0.07,-0.02,0.03,19.99,9.912023002
529535,-1.24,-9.76,0.86,-0.07,-0.04,0.03,19.99,9.875970838
529637,-1.23,-9.55,0.97,-0.07,0,0.03,19.98,9.677618509
529739,-1.1,-9.55,0.82,-0.07,-0.01,0.02,19.99,9.648051617
529841,-1.1,-9.68,0.79,-0.07,-0.02,0.02,19.97,9.774277467
529943,-1.29,-9.82,0.96,-0.07,-0.03,0.01,19.99,9.950783889
530045,-1.27,-9.78,1,-0.07,0,0.01,19.98,9.912683794
530147,-1.15,-9.81,0.72,-0.07,0,0.01,19.98,9.90338326
530249,-1.19,-9.95,0.91,-0.08,-0.03,0.01,19.98,10.06214192
530351,-1.39,-9.99,1.15,-0.08,-0.02,0.02,19.98,10.15158608
530453,-1.24,-9.96,0.85,-0.07,0.01,0.02,19.99,10.07281986
530555,-1.16,-9.94,0.73,-0.07,-0.01,0.02,19.99,10.03404704
530655,-1.24,-9.96,0.8,-0.07,-0.03,0.02,19.99,10.06872385
530757,-1.32,-9.8,1.15,-0.07,-0.02,0.03,19.99,9.955144399
530859,-1.16,-9.62,0.86,-0.07,0,0.03,19.98,9.727774668
530961,-1.08,-9.58,0.84,-0.07,-0.02,0.03,19.98,9.677210342
531063,-1.18,-9.68,1.01,-0.07,-0.04,0.02,19.97,9.803820684
531165,-1.27,-9.64,0.93,-0.07,-0.01,0.02,19.98,9.767671166
531267,-1.16,-9.62,1.01,-0.07,0,0.01,19.98,9.742181481
531369,-1.14,-9.82,0.81,-0.07,-0.02,0,19.98,9.919077578
531471,-1.31,-9.94,0.87,-0.08,-0.03,0.01,19.98,10.06362758
531573,-1.3,-9.9,1.07,-0.07,0,0.01,19.98,10.04215614
531675,-1.16,-9.95,0.74,-0.07,-0.01,0.01,19.98,10.04468516
531777,-1.28,-10.06,0.92,-0.08,-0.03,0.02,19.97,10.18275012
531879,-1.35,-9.97,0.95,-0.07,-0.02,0.03,19.97,10.10573599
531981,-1.18,-9.76,0.74,-0.07,0,0.03,19.98,9.858884318
532081,-1.12,-9.79,0.78,-0.07,-0.01,0.03,19.97,9.884680066
532183,-1.2,-9.74,1.08,-0.07,-0.03,0.03,19.97,9.87289218
532285,-1.28,-9.56,0.95,-0.07,-0.01,0.03,19.98,9.691981222
532387,-1.09,-9.52,0.81,-0.07,0,0.02,19.98,9.616371457
532489,-1.11,-9.64,0.69,-0.07,-0.03,0.01,19.97,9.728196133
532591,-1.29,-9.73,1.19,-0.07,-0.02,0.01,19.98,9.887016739
532693,-1.18,-9.78,0.87,-0.07,0,0.01,19.97,9.889271965
532795,-1.15,-9.91,0.87,-0.07,-0.02,0,19.97,10.01436468
532897,-1.3,-10.03,0.98,-0.08,-0.03,0.01,19.98,10.16126469
532999,-1.34,-9.94,0.98,-0.08,0,0.02,19.99,10.0776783
533101,-1.18,-10,0.89,-0.07,-0.01,0.02,19.97,10.10863492
533203,-1.27,-10.06,0.81,-0.07,-0.03,0.02,19.98,10.17214825
533305,-1.39,-9.94,1.12,-0.07,-0.02,0.03,19.98,10.0990148
533407,-1.15,-9.75,0.75,-0.07,0.01,0.03,19.98,9.846192157
533507,-1.13,-9.8,0.79,-0.07,-0.01,0.03,19.97,9.896514538
533609,-1.21,-9.77,1.07,-0.07,-0.03,0.03,19.98,9.902620865
533711,-1.25,-9.52,0.93,-0.07,0,0.03,19.97,9.646647086
533813,-1.07,-9.48,0.8,-0.07,-0.01,0.02,19.97,9.573677454
533915,-1.1,-9.56,0.65,-0.07,-0.03,0.02,19.97,9.645003888
534017,-1.32,-9.62,1.19,-0.07,-0.02,0.02,19.97,9.782785902
534119,-1.13,-9.68,0.77,-0.07,0,0.01,19.97,9.776103518
534221,-1.16,-9.85,0.89,-0.07,-0.02,0,19.97,9.95792147
534323,-1.31,-10,0.95,-0.07,-0.03,0.01,19.97,10.13008391
534425,-1.32,-9.91,1.1,-0.08,-0.01,0.01,19.97,10.05785762
534527,-1.2,-9.98,0.84,-0.08,0,0.01,19.97,10.08692223
534629,-1.24,-10.06,0.86,-0.07,-0.03,0.01,19.96,10.1725513
534731,-1.38,-10.03,1.15,-0.07,-0.02,0.02,19.96,10.18959273
534831,-1.34,-10.01,1.1,-0.07,0,0.03,19.98,10.15902062
534933,-1.17,-9.95,0.68,-0.07,0,0.03,19.98,10.04160346
535035,-1.22,-9.93,1.01,-0.07,-0.03,0.03,19.96,10.0555159
535137,-1.32,-9.76,1,-0.07,-0.02,0.04,19.96,9.899494937
535239,-1.1,-9.6,0.65,-0.07,0,0.03,19.97,9.684652807
535341,-1.11,-9.55,0.87,-0.07,-0.02,0.02,19.97,9.653574468
535443,-1.2,-9.57,0.91,-0.07,-0.04,0.02,19.97,9.687775803
535545,-1.24,-9.44,0.96,-0.07,-0.01,0.02,19.97,9.569367795
535647,-1.1,-9.46,0.88,-0.07,-0.01,0.01,19.99,9.564308652
535749,-1.1,-9.64,0.74,-0.07,-0.02,0.01,19.98,9.730734813
535851,-1.28,-9.82,1.19,-0.07,-0.03,0.01,19.97,9.974312006
535953,-1.27,-9.84,1.1,-0.07,0,0.01,19.97,9.982409529
536055,-1.15,-9.92,0.74,-0.07,-0.01,0,19.97,10.01381546
536157,-1.26,-10.09,0.88,-0.07,-0.03,0,19.97,10.20637546
536257,-1.4,-10.03,1.16,-0.08,-0.02,0.01,19.97,10.19345378
536359,-1.23,-10.05,0.82,-0.07,0,0.01,19.96,10.15813959
536461,-1.17,-10.08,0.86,-0.07,-0.01,0.01,19.97,10.18405126
536563,-1.29,-10.18,1.05,-0.08,-0.03,0.02,19.96,10.31498909
